ID	type	address	area	rooms	sqm_price	description
1	building	"aleja Piłsudskiego 28
10-634 Racibórz"	76	6	5776	Zysk róg sok kostka m.in. pewny kształt. Związek cień Żyd.
2	flat	"pl. Sikorskiego 607
72-514 Swarzędz"	25	2	10283	Gdyby umożliwiać futro lekcja religijny. Nad las zdjęcie. Szczególny terytorium z.
3	building	"pl. Wieniawskiego 75
76-717 Wągrowiec"	128	8	7021	Kłaść okres dziesięć rodzic ?. Ziemia praktyka podobny Belgia.
4	flat	"ul. Wodna 63
95-238 Mikołów"	63	5	7409	Właśnie jaki tani miasto podstawowy.
5	building	"al. Szewska 82
88-688 Zgierz"	75	5	7549	Trochę obrona luty niż metoda.
6	building	"ulica Matejki 96
40-399 Piastów"	144	9	9524	Ogromny wykonywanie rower widoczny. Pracować okno bycie ślub siostra.
7	flat	"plac Poziomkowa 44/49
06-505 Dębica"	64	5	7573	Przedstawiciel parlament być. Wpaść krzesło napój nauczycielka uciec przygotować.
8	flat	"plac Szpitalna 253
89-412 Kołobrzeg"	64	5	8144	"Gęś rodowity dokument mały. W Czasie prosić postępować tamten marzec.
Pojazd dzielnica maj."
9	building	"ul. Księżycowa 54
37-215 Katowice"	107	7	9071	Koszula 2 słyszeć kot skała tworzyć styczeń odczuwać. Około świecić pszczoła.
10	flat	"pl. Perłowa 80/09
09-752 Wejherowo"	61	5	11031	Panna autor pochodzenie siła broń. Rodzaj minerał adres skład uzyskać. Pożar królestwo obraz Jan.
11	building	"ulica Skośna 55/67
41-562 Jaworzno"	82	5	5946	Dopływ większy te naczynie raz. Martwy powiat z krwi i kości intensywny polityka już drzewo.
12	building	"ul. Fabryczna 86/40
89-490 Radom"	116	9	9473	Dół ilość nieść pójść rzadki wyścig dziecko. Biec kształt okno rok śpiewać sierpień.
13	building	"plac Wąska 80
95-459 Pruszcz Gdański"	96	6	7742	Założyć poruszać się krótki. Naukowy wizyta co odległość. Małżeństwo prędkość lew.
14	flat	"ul. Orkana 398
88-157 Nowy Dwór Mazowiecki"	23	2	10682	Powód zgromadzenie muzyczny istota królewski 30.
15	flat	"ulica Korfantego 793
10-029 Kielce"	65	5	9032	Mur należeć wrażenie zdobyć wierzyć nos brązowy sierpień.
16	building	"ul. Brzechwy 43
85-279 Tomaszów Mazowiecki"	86	6	7259	Ciężki w kształcie lotnisko trochę. Odnosić Się próbować umiejętność pusty klient.
17	flat	"ul. Sawickiej 73
85-926 Jawor"	36	3	9098	Żelazo czynić właściciel znaleźć.
18	building	"pl. Plażowa 40
98-256 Sosnowiec"	120	8	8735	Pozbawić kontakt opowiadać współczesny. Gruby artykuł w wyniku chęć państwo nikt.
19	flat	"plac Storczykowa 85/55
23-036 Dzierżoniów"	65	5	9449	Lecz ciało własny komórka pole norma. Panna czterdzieści spowodować dużo.
20	flat	"pl. Środkowa 25
02-042 Zabrze"	51	4	8115	Niebo oczywiście informacja. Kolejny dzieło mowa bić. Córka chęć sportowy administracyjny plecy.
21	flat	"ulica Nowowiejska 74
48-424 Czerwionka-Leszczyny"	49	4	11482	Cesarz korzystać na zewnątrz matka słoneczny podawać.
22	flat	"pl. Targowa 20
22-405 Piastów"	23	2	7940	Cichy wojna składać przy pozycja grunt.
23	flat	"aleja Kraszewskiego 93
04-500 Jaworzno"	64	5	7739	Wysokość chrześcijaństwo św. grudzień azjatycki. Radość pięć podnosić siedemdziesiąt zeszły leżeć.
24	building	"ulica Hallera 84/21
20-691 Szczecin"	83	6	7061	Różny bogactwo sylaba podnosić gdy. Słowo wojna tylko zamknąć bezpieczeństwo alkoholowy.
25	building	"al. Orkana 271
31-641 Przemyśl"	132	8	8104	W wymagać narzędzie przeciwko mieć na imię duński nazwa. Otwór słowo smak most.
26	building	"pl. Górna 82
92-383 Bydgoszcz"	152	10	8367	Kartka dłoń prawdziwy.
27	flat	"pl. Tuwima 04/52
57-771 Turek"	25	2	8056	Mieszkać igła wojna mi.
28	flat	"plac Jeziorna 226
60-609 Stargard Szczeciński"	25	2	10714	Wino moneta wola banknot brzuch. Śniadanie rozmiar badanie pojemnik chrześcijaństwo osioł.
29	building	"aleja Prusa 66
22-524 Skierniewice"	120	8	7616	Finansowy pracownik rok pisarz muzyka oko. Reguła głupota przedstawiciel (…).
30	building	"al. Stycznia 80
01-638 Marki"	127	9	5407	Pojawić Się gdyby pogoda. Mysz więzienie grzyb właśnie.
31	building	"ul. Chełmońskiego 228
60-427 Jaworzno"	154	10	5464	Lubić ramię rzucać obejmować mierzyć otoczenie zamykać. Oko styczeń dziewczynka.
32	flat	"plac Dworska 917
14-275 Kalisz"	60	5	7591	Sieć gałąź przedsiębiorstwo niż radiowy siedem sto. Trzymać przynieść powiedzieć niebieski różowy.
33	flat	"ul. Rolna 83/92
21-043 Mielec"	23	2	8126	Uczyć Się wojsko Rumunia. Centralny gwiazdozbiór powstawać. Wydawać port miasto wysoki.
34	building	"ulica Borówkowa 71
97-988 Łuków"	130	8	6501	Badanie powierzchnia zielony taniec zamknąć. Cel region miara zacząć.
35	flat	"plac Polna 19
46-879 Słupsk"	25	2	8455	Tradycja prowadzić 30 samiec. Nic półwysep nazwisko.
36	building	"ulica Orzeszkowej 44/32
98-159 Elbląg"	77	5	5981	Przyjaźń dać się sok 50 piłka. Gardło sport rodowity pusty wieś ziemniak sprzedawać metal.
37	flat	"ulica Batalionów Chłopskich 42
95-942 Żary"	59	5	9275	"Służyć cesarz cel język okręt jednak. Turcja przyjmować gość własność.
Głód planeta kot ci."
38	building	"plac Majowa 636
34-089 Szczecin"	140	9	9804	Zgromadzenie przepis cierpienie ósmy dziecko. Lewy czyli łączyć ciepło ozdoba szary minuskuła.
39	flat	"ulica Grzybowa 13/18
14-922 Dębica"	66	5	7127	Morze męski Azja klub żydowski panować. Zdolność wzdłuż gmina.
40	building	"ulica Owocowa 003
24-787 Lębork"	78	5	9521	Zły stawiać ogień samolot. Hasło większość talerz.
41	building	"pl. Krańcowa 996
25-030 Ostrów Wielkopolski"	110	7	9816	Rolnik teoria przyjemność mebel urodziny rano. Kontynent umożliwiać a dwudziesty róg popularny.
42	building	"plac Wróblewskiego 74
93-150 Łomża"	76	6	8454	Scena sędzia ojczyzna ludowy 4 pracować. Zapalenie drogi masa południe sen region.
43	flat	"aleja Podmiejska 31/72
39-842 Brzeg"	27	2	7692	Zdjęcie szczęśliwy suma rynek sen. Przejaw dziesięć dokonać budowa ssak minuskuła.
44	flat	"pl. Kruczkowskiego 99
94-218 Rumia"	23	2	8041	Żart woda rodzic naprawdę brzydki całkiem.
45	building	"aleja Wąska 90/90
24-642 Lublin"	88	6	9630	Uznawać niezwykły samolot wódka.
46	building	"ulica Ciasna 722
11-246 Przemyśl"	94	5	8106	Znaleźć ogromny tytuł matka pisarz pojęcie. Urządzenie stół gęś niski.
47	building	"plac Kielecka 099
83-293 Suwałki"	151	9	6306	Kościół Europa ręka rzadki. Ogon hasło punkt pas. Uczucie południowy przygotować cena.
48	flat	"plac Asnyka 828
71-725 Nowy Targ"	51	4	10015	Powodować dyskusja szyja funkcja krew cecha.
49	flat	"pl. Wolności 82
41-030 Żywiec"	26	2	10343	Głód lato muzyka gatunek godzina proces patrzeć. Niech fala prowincja prąd wkrótce ponieważ cena.
50	flat	"al. Szkolna 54/20
91-237 Słupsk"	67	5	10403	Mysz utwór sukienka wisieć. R. przyjemny banknot dawno.
51	flat	"ul. Stefana Batorego 83
72-495 Starogard Gdański"	39	3	7314	Zbiór jajo amharski. Się pomóc opisać. Zwłaszcza pozostawać ojciec właśnie oddać owoc prosić.
52	flat	"pl. Jana Sobieskiego 91
53-285 Świdnik"	25	2	8757	Naturalny amharski zamiast lud. Władca dziewczyna zakończyć okoliczność Egipt.
53	building	"aleja Chmielna 26
78-703 Czechowice-Dziedzice"	149	9	5843	Broń - aktor być. Pamięć zakon wniosek herbata.
54	building	"al. Dąbrowskiego 09
90-898 Lubliniec"	69	5	9618	Przybyć wojna widzieć zając obszar opłata postać. Widoczny Słowacja typ obcy sprawa stać.
55	building	"pl. Partyzantów 28/30
58-065 Bielsk Podlaski"	72	6	8916	Tył fala marka rzeczownik dodać drugi. Stany Zjednoczone ta wóz.
56	flat	"al. Rzemieślnicza 45/80
05-355 Jawor"	64	5	10126	Dawać ty otwarty piosenka dół całość.
57	building	"plac Brzoskwiniowa 31
84-151 Łomża"	95	7	8212	Wpaść morski skład. Gęś wszyscy pasmo lód gazeta decyzja.
58	building	"al. Konarskiego 52/68
35-018 Bydgoszcz"	124	8	7196	Wykonywanie osiemdziesiąt podział diabeł grób. Po klasztor niech lekcja przyjaźń zabawa wypowiedź.
59	building	"plac Sowia 58
61-452 Tarnobrzeg"	67	5	5990	Zabawa norma podobny Australia godny córka. Opisać cukier metoda wszelki.
60	building	"pl. Lwowska 57/32
78-831 Olkusz"	148	10	9187	Wiele filozofia chwila zamieszkiwać zeszły. Królowa ciepły wschód uśmiech odpowiedź ubogi kostka.
61	flat	"ul. Ciasna 768
82-022 Tarnowskie Góry"	63	5	11244	Pewny kłaść skala ze cena radiowy moneta śnieg.
62	flat	"ulica Poznańska 39/44
85-081 Łuków"	47	4	8186	Rana włożyć płaski po prostu ojczyzna okrągły. Przeszkoda biedny chronić dziadek.
63	flat	"ulica Rybacka 85
67-376 Polkowice"	60	5	10366	Zarówno grób rada barwa. Zboże fala po prostu prawda centralny jego.
64	flat	"pl. Nadrzeczna 505
35-524 Olsztyn"	24	2	8179	Kość ślad pozostać stary nauczyciel łąka przeprowadzać wkrótce.
65	building	"plac Orkana 310
83-666 Police"	98	7	7188	Pamięć cebula praktyka dodawać syn. Szwedzki właściciel możliwy gatunek. Wysłać pojemnik łaciński.
66	building	"ulica Szewska 30
39-655 Zamość"	145	10	9789	Święto wróg szereg cena jabłko Australia wilk. Ponownie skutek służba urodzić się.
67	building	"ul. Łączna 39
48-375 Jaworzno"	139	9	9531	Dziadek polityka blisko. Gość terytorium tłum sygnał długi.
68	building	"al. Daszyńskiego 71/83
53-516 Kędzierzyn-Koźle"	139	10	7668	Dać mocny wynosić wtedy. Sąsiad świadczyć mgła opuścić wracać tajemnica.
69	flat	"al. Bociania 345
02-366 Bochnia"	34	3	11179	Zniszczyć komórka trzeba powodować kościelny dotyczyć.
70	building	"al. Srebrna 64
46-225 Jaworzno"	149	10	7229	Narodowość park włoski gwiazda sto przestrzeń.
71	building	"al. Turystyczna 16/79
94-320 Nowa Ruda"	115	7	6066	Święto nóż Dania sobota należy promień wywoływać. Minerał cześć wojenny zakon ja papieros.
72	flat	"ul. Wróblewskiego 80
93-257 Tomaszów Mazowiecki"	64	5	11466	Bardzo bać się książka. Pociąg sen ukraiński wyścig szczególnie uprawiać. Robota małpa rejon.
73	flat	"ulica Piłsudskiego 00
98-175 Rybnik"	26	2	9269	Mieszkać tłum św. towarzystwo. Martwy przestrzeń krew wierzyć mowa północny.
74	building	"aleja Robotnicza 24/30
87-635 Świdnica"	105	8	6309	"Cel Jezus pojawiać się czynić dość ono.
Złożyć owoc gotować niski ciało ryba."
75	flat	"ul. Gałczynskiego 81/68
94-238 Oleśnica"	43	4	9854	Tak wysłać telefon smutek osiągnąć technika. Biblioteka Szwajcaria przedmiot model.
76	building	"plac Maczka 54/04
26-080 Pszczyna"	125	9	6132	Duński chłopiec atmosfera wino umieścić język. Barwa nasiono narkotyk biec próba.
77	flat	"pl. Konwaliowa 65
23-984 Piła"	38	3	11511	– przecież czyjś przyjść trudno lekcja.
78	building	"al. Rolnicza 06
13-423 Olsztyn"	77	5	6076	Ryba błoto dom 6. Wieża użycie latać terytorium jedynie działanie robotnik. Jezus ale on.
79	flat	"aleja Rynek 456
31-571 Konin"	28	2	8911	Częściowo przedsiębiorstwo źródło lęk naj-. Rodzic naukowy danie 6. Poruszać zdrowie włosy owoc.
80	building	"ulica Sikorskiego 49/02
21-860 Rumia"	130	8	9418	Żart 30 martwy próbować karta luty. Podawać pojemnik jedenaście użytkownik.
81	flat	"ulica Zielna 74/65
10-061 Radomsko"	22	2	10453	Pytać Boże Narodzenie praktyka umieścić but zawodnik. Jedyny pięćdziesiąt tam drzewo.
82	flat	"aleja Chabrowa 622
55-615 Turek"	61	5	10164	Japonia cesarz barwa. Anglia robotnik główny dziób.
83	building	"ulica Dębowa 136
53-261 Łaziska Górne"	88	7	6534	Kolejny republika ludowy żaden.
84	building	"pl. Rolna 849
12-371 Żywiec"	78	5	5402	Unia Europejska twarz zamiast wykonanie nasienie.
85	building	"ulica Brzozowa 33
97-215 Skierniewice"	95	6	6174	Zapach służba rozmawiać stanowisko użyć. Waga przejście materiał.
86	flat	"ulica Jagodowa 03/08
65-855 Nysa"	35	3	11822	Tradycyjny cały byk spowodować godny. Jutro sobota szkodliwy wiersz ciepło rozmawiać żółty.
87	flat	"ulica Reymonta 65/06
58-226 Jaworzno"	56	4	9973	Łyżka siódmy radość wąski późny.
88	building	"aleja Plażowa 48/87
30-836 Krotoszyn"	147	10	5087	Koniec traktować dolina taniec. Ślad mieszkanie go odpowiedź cały wy postępować.
89	building	"plac Zacisze 18
66-038 Chojnice"	161	10	6941	Para osiągnąć tradycja.
90	flat	"aleja Średnia 81/92
44-754 Jarosław"	30	2	8494	Podstawa dać znać uciec. Jedynie mięso łagodny szef płeć chociaż. Żywność włożyć niż kilka wyrok.
91	flat	"aleja Orzeszkowej 766
20-126 Gdynia"	28	2	9177	Banknot bardzo reakcja Egipt rok ramię ślad. Poważny musieć otrzymać opinia.
92	flat	"al. Orkana 90/31
52-831 Świebodzice"	24	2	9776	Wschód internetowy król złoto zachód rzeka wchodzić. Całkiem wioska skutek natura naj-.
93	building	"ulica Wrocławska 70/71
16-263 Kościerzyna"	149	9	5442	Uniwersytet wizyta milion bronić.
94	flat	"pl. Krasickiego 23
93-253 Bydgoszcz"	38	3	8480	Stolica pomysł włożyć zanim wierzyć dialekt. Panna zachowywać się związek gleba woda kula broń.
95	flat	"plac Bociania 18/16
69-618 Tczew"	67	5	8451	Korzyść niemiecki duch zgodnie. Kochać zaczynać istotny. Narkotyk kąt po dziób.
96	flat	"ul. Swierkowa 17/95
36-080 Bochnia"	63	5	10452	Ukraina pomagać no rzucić.
97	building	"plac Cisowa 66
75-800 Kędzierzyn-Koźle"	99	6	9339	Musieć widok wystawa napisać Japonia. A duński przedstawiciel gra.
98	flat	"al. Kopernika 913
86-883 Kraków"	58	5	10074	Japoński but właściciel. Śmierć taki jeść.
99	flat	"al. Sawickiej 522
83-976 Częstochowa"	59	5	8525	Jaki minerał gęsty wejść dość. Już parlament większy ten sam łatwy inaczej wstyd artystyczny.
100	building	"aleja Wyspiańskiego 27
98-709 Kluczbork"	105	8	9839	Od przygotowywać umieszczać Białoruś całkowity odzież dolny zaufanie. Zabić wrogość kto.
101	building	"aleja Owocowa 11/50
46-752 Świecie"	104	7	7914	Zaś można 3. Rozpocząć międzynarodowy uzyskać muzeum dość. Podział cebula poduszka kontynent.
102	flat	"al. Stroma 24/46
56-080 Piła"	41	3	10820	Lek kończyć alkohol zmienić koło włos chłopiec.
103	flat	"plac Nadrzeczna 85/07
42-783 Ruda Śląska"	36	3	7688	Silny pełen organ przykład król kiedy –. Przynosić restauracja więzienie budynek naprawdę chłopak.
104	flat	"pl. Powstańców 939
19-291 Czerwionka-Leszczyny"	25	2	8499	Wielki wiara dziewiąty długość zawsze zaufanie kula. Uśmiech średniowieczny kupić słownik.
105	flat	"plac Radosna 51
29-893 Brodnica"	50	4	9037	Samica rzymski dodatkowy dodać dziecięcy związany. Osobisty piąty bezpieczeństwo.
106	flat	"al. Rolnicza 37/02
64-910 Żyrardów"	49	4	8049	Osiągnąć śmiać się policzek późno. I hodować przecież mrówka pomysł.
107	flat	"pl. Częstochowska 94
87-412 Chełm"	44	4	7117	Rejon analiza wieczorem. Rana zmiana płaski.
108	building	"al. Miarki 821
82-749 Jastrzębie-Zdrój"	162	10	9361	Prowincja wrócić sądzić zaufanie wschód rozumieć one. Wpływ tkanina choroba jeszcze tylko.
109	building	"ulica Środkowa 242
61-476 Pszczyna"	65	5	9884	Działanie ozdoba telewizja medycyna. Bieda wisieć zbiornik.
110	building	"ulica Letniskowa 02
19-201 Białystok"	138	10	9477	Biskup wschodni stacja pogoda przyczyna. Jakiś postawić znaczenie — danie.
111	flat	"plac Jarzębinowa 76/11
10-506 Brodnica"	38	3	11914	Spodnie skała powoli stan uniwersytet kaczka.
112	building	"ul. Dębowa 99
44-505 Ostrowiec Świętokrzyski"	66	5	9828	Następować zwykle zewnętrzny talerz obserwować po. Intensywny pociąg ale na myśleć.
113	building	"al. Szkolna 75/30
78-431 Konin"	114	8	6338	Nic wygląd czytać kultura marzec. Wina jednak sztuka. Płakać majuskuła ogólny połączyć.
114	building	"plac Bociania 19
66-728 Zamość"	107	8	8921	Długo decyzja współczesny. Wszelki żona nic pająk w wyniku pszczoła skała.
115	building	"ulica Narutowicza 643
16-057 Ostrów Mazowiecka"	91	6	7188	Musieć brzeg bohater Pan Niemiec. Polska lekcja dalej gniazdo zajmować wygrać wzrok.
116	building	"ul. Odrzańska 37
38-950 Ostrów Mazowiecka"	116	7	6483	Osoba czyjś pracownik niewolnik wiedzieć. Robić obowiązywać program fragment punkt Szwecja.
117	flat	"ul. Broniewskiego 00
15-645 Nysa"	66	5	8963	Rosja zaczynać babka na szczęście za pomocą tańczyć. Delikatny wnętrze wieś dolina kierowca.
118	flat	"ul. Klonowa 59/95
94-292 Słupsk"	20	2	10208	Zamiast ukraiński znaczyć kąt wracać mało. Zachód nigdy świadczyć Rzym nóż okazja wewnątrz.
119	flat	"aleja Rajska 684
03-148 Mława"	69	5	9696	Dziwny obserwować zawodowy dziś umieszczać. Jasny więzienie padać czynność.
120	building	"ul. Jagiellońska 11/22
21-958 Sochaczew"	147	10	9786	Swój tyle więzienie dyskusja. Koncert piec student Ziemia piasek słuchać kolega.
121	building	"pl. Porzeczkowa 847
03-558 Stalowa Wola"	113	7	5562	Odzież budynek ale ocean. Niż oba występować korzystać.
122	flat	"ul. Przemysłowa 65
70-173 Mysłowice"	62	5	11755	Jabłko zajmować się kolacja kolacja. Ostry rana samochodowy palić.
123	building	"plac Wąska 47/36
63-073 Legnica"	81	5	7082	Potrzebować znajdować kostka użyć wydać szczególny.
124	flat	"ulica Krucza 21
54-556 Skierniewice"	20	2	10328	Choć drewniany zrobić broń obowiązywać moc nic. Kontynent wiersz ty.
125	building	"plac Agrestowa 84
08-131 Ząbki"	79	6	6411	Bić zawsze położenie napisać akcja cena iść.
126	building	"ulica Norwida 901
52-119 Kościerzyna"	108	7	7540	Powszechny kolega jezioro ramię ludowy słoń poeta. Czuć leżeć pierwiastek zawartość razem.
127	flat	"plac Olchowa 86
74-595 Koszalin"	44	3	9562	Moralny towarzystwo jej mowa. Kurs na przykład abugida specjalny dawno.
128	flat	"al. Miła 55/34
39-792 Ząbki"	24	2	8362	Przeciwko od cichy nazwa miód różowy jesień. Słowo parlament przygotowywać połowa pięć zaś.
129	building	"ulica Piwna 338
93-794 Tomaszów Mazowiecki"	139	9	5435	Zwolennik dziać się 60 stworzyć smak dawno wyraz. Zły znaczyć wódka przybyć alfabet życie.
130	flat	"ulica Grunwaldzka 12/99
41-933 Tczew"	33	3	7086	Wypadek lód całość cebula państwowy. Autor palec należeć istnienie pisanie wypadek dopływ.
131	flat	"ulica Poznańska 81
75-771 Łaziska Górne"	39	3	9170	"Zboże konflikt podstawa przykład cel pragnienie krowa czuć.
Całość kino robota średni."
132	flat	"ulica Głogowa 49/78
56-406 Rumia"	49	4	7439	Holandia tyle jajko mapa łuk osioł.
133	building	"ul. Dąbrowskiego 847
52-776 Jelenia Góra"	67	5	5256	Bronić koniec dolina zdarzenie obywatelka kobiecy tłumaczyć. Wzdłuż całkiem okropny wyrażać.
134	flat	"plac Turkusowa 953
02-770 Radom"	46	4	7953	50 metoda szpital trzydziesty uśmiech armia. Rak kawa kij stawać się. Mleko religijny syn.
135	flat	"pl. Sucharskiego 93/29
93-517 Olkusz"	64	5	7889	Kobiecy trochę zajęcie syn Jan tydzień chodzić Pan. Suma zapomnieć przy serce japoński symbol.
136	flat	"plac Jesienna 62/62
54-096 Warszawa"	34	3	10880	Odcień pogląd wygląd południowy. Papież ludność trwać charakter święty.
137	building	"aleja Korczaka 59
95-881 Stargard Szczeciński"	151	9	8974	Wspólny ryzyko ryż małżeństwo obecny rzucać związać. Służyć kąt głupek wydać podawać trudno treść.
138	flat	"ul. Rajska 681
07-055 Łowicz"	40	3	8484	Treść roślina zazwyczaj butelka. Odległość wobec urodzić się.
139	flat	"ulica Dworska 37/72
95-154 Wodzisław Śląski"	53	4	7116	Możliwy działalność związany kino otoczenie angielski paliwo.
140	flat	"ul. Grottgera 67
58-249 Starachowice"	38	3	7566	Rozwój północ budować kolej klucz mi. Oddać Holandia odpowiedź doświadczenie gotować smak.
141	building	"ul. Nowowiejska 727
06-089 Lublin"	133	9	8674	Długo telewizyjny chęć łatwo zeszły mistrz. W Postaci jeśli norma zielony minuskuła.
142	building	"plac Łączna 23
83-054 Swarzędz"	125	8	6390	Dobrze banknot wysyłać przeciw wchodzić ściana przestępstwo bajka.
143	flat	"pl. Konstytucji 3 Maja 79
17-312 Żywiec"	68	5	11678	Mieszkanie głupi termin poczta.
144	building	"ul. Piekarska 486
27-373 Łódź"	123	8	6616	Muzyk kościół handlowy cesarz usługa człowiek zbierać górny. Oficjalny po prostu położyć niż.
145	building	"ul. Podmiejska 70
29-479 Dąbrowa Górnicza"	103	6	6756	Włosy pochodzić siostra późny górny książę zaczynać. Mieszkaniec wysłać zawierać stosunek.
146	flat	"aleja Rybacka 26
53-618 Słupsk"	57	5	9599	Samochód mięso przyjść czytać. Osobisty szczyt lipiec palić mięsień.
147	flat	"ul. Lawendowa 20
48-024 Gdynia"	25	2	8885	Wieś przynosić postawa działanie technika. Początek plama krew forma świecić roślina wykonywać.
148	flat	"ul. Ściegiennego 75
96-640 Turek"	53	4	9310	Kaczka budowla reguła. Jedenaście ulica wybór pusty używać świnia.
149	flat	"ul. Rolna 62/62
13-781 Konin"	40	3	10885	System otworzyć pracownik pokryć sok. Dziki parlament zajmować słuchać instrument kobiecy.
150	building	"plac Wspólna 81
72-382 Nysa"	111	7	8505	Człowiek biec granica Kraków. Klasa polegać grupa.
151	flat	"plac Sokola 34/54
16-290 Kraśnik"	40	3	9720	Dziadek ciasto pisać kolano okręt.
152	flat	"ul. Storczykowa 84
96-201 Siemianowice Śląskie"	50	4	9172	Na ku wyglądać wszystko. Owca w przeszłość. Siódmy chleb talerz handlowy tablica zima.
153	flat	"pl. Nałkowskiej 395
94-222 Czeladź"	62	5	10220	Teoria miły 60 szereg. Internetowy wolno kalendarz okolica właściciel.
154	building	"al. Okrężna 92/27
87-116 Legionowo"	74	6	5687	Kosztować decyzja uznawać marka składać się. Słowacja zgoda miasto biblioteka.
155	building	"ul. Orzechowa 082
11-284 Jasło"	113	9	5851	Azja kształt trudno proces. Pojedynczy polityczny czapka w.
156	building	"al. Storczykowa 98
31-448 Mińsk Mazowiecki"	92	6	6575	Chrześcijański kolorowy bać się. Być film przyjść poziom. Głupi uzyskać przemysł republika.
157	flat	"pl. Drzymały 33/45
56-446 Łowicz"	59	5	8281	Mieć Na Imię mój urodzenie polegać książę twardy śpiewać oddawać. Północny pamięć pewny.
158	building	"aleja Jesionowa 76/66
04-328 Chojnice"	124	9	6014	Most wysoko wzrost sos. Ci ojczyzna biskup wcześnie.
159	building	"ul. Lipowa 36/81
96-684 Pabianice"	105	7	9191	Nagle dużo chłopiec podnieść. Mierzyć wóz dźwięk obiekt na przykład Węgry.
160	building	"ul. Gałczynskiego 96/00
25-943 Kętrzyn"	88	6	9983	Bajka świat struktura ważny przeciwny czysty przechodzić. Forma jednostka dzięki.
161	flat	"ul. Wiatraczna 532
88-272 Swarzędz"	29	2	10813	Opieka zarówno pustynia powiat. Dziś majuskuła kolano gość skóra zawodowy przemysł złapać.
162	flat	"pl. Wojska Polskiego 21/43
81-471 Otwock"	24	2	10161	We strefa szereg oddział. Pióro pieniądze dach ojciec wujek. Kieszeń skala woda wiersz czeski.
163	flat	"aleja Turkusowa 377
45-296 Płońsk"	25	2	10636	Utwór ani kolega dusza prowincja minuta. Dokonać smutny szósty kończyć.
164	building	"aleja Wybickiego 30/81
48-568 Katowice"	86	6	5628	Poprzedni stary morze kultura dziewięć. Czekać urząd siedziba uniwersytet dyskusja.
165	flat	"plac Piastowska 13
17-592 Żary"	39	3	11442	Boże Narodzenie ząb kąt ani liczba. Dział duch pochodzić narodowy trudność pismo.
166	building	"plac Kruczkowskiego 43
79-572 Konin"	95	6	6485	Gospodarczy postępowanie 80. Przeszkoda głęboki noga święto jakość.
167	building	"plac Bursztynowa 646
57-279 Kielce"	154	10	7276	Polak farba krok praktyka oczekiwać głowa. Kontrola za pomocą ból występować 50 napisać ładny.
168	building	"aleja Przechodnia 90/44
05-360 Stalowa Wola"	78	5	6758	Strój siebie nosić tajemnica.
169	flat	"al. Zapolskiej 60/87
55-666 Nowy Dwór Mazowiecki"	24	2	8511	Aktor leżeć cierpieć. Zboże drogi dzięki wywołać droga co wokół.
170	building	"pl. Konstytucji 3 Maja 822
89-714 Mława"	106	7	9603	Podział lód ryzyko mężczyzna okropny. Kura ile nagle siódmy łączyć praktyka tradycja późny.
171	building	"plac Miłosza 515
17-250 Gniezno"	157	10	7539	Siebie z rok minuskuła czwartek zajmować.
172	building	"plac Sportowa 34
88-830 Biała Podlaska"	154	10	5526	Wymagać lotnisko przyjemny opuścić dziób gwiazda. Materiał krótki dół ciężki pełny rzadki.
173	flat	"ulica Fredry 519
82-038 Poznań"	37	3	10583	Słaby wrogość ponad gołąb ocena kolej. Chiny księga spadek łatwy przynieść.
174	building	"ulica Wiejska 634
89-591 Sandomierz"	90	6	9459	Spór sportowy psychiczny nie ma śpiewać należeć. Książę odpowiadać ptak czeski pieśń rak obywatel.
175	flat	"pl. Szymanowskiego 129
85-910 Marki"	50	4	10107	Ci podróżować pełnić Kościół. Ciekawy żart handlowy delikatny.
176	building	"aleja Harcerska 319
07-494 Jawor"	71	5	5976	Norma obwód opieka istota wziąć. Jajko małpa program wracać medycyna wspaniały ciemność.
177	flat	"ulica Grottgera 87/72
06-076 Bolesławiec"	27	2	11692	"Noc chodzić blady lista wisieć.
Zamykać sos przeciwny Rumunia pięć łagodny drogi."
178	flat	"ul. Kowalska 95/59
80-997 Knurów"	56	5	11968	Trzydzieści mężczyzna zrobić. Stały złożony ogon specjalista żeby opisać.
179	building	"pl. Miarki 329
27-128 Sochaczew"	137	9	7705	Określony korzyść penis gdyby. Usługa Pan prowincja wrzesień. Zawodowy wiatr drogi znów zbyt.
180	flat	"plac Krótka 157
68-962 Środa Wielkopolska"	51	4	8564	Strój pożar plecy pragnienie nowy wybrać. Ona zima położony dzień trudność ulegać wzrost.
181	flat	"al. Kościuszki 405
79-279 Olkusz"	28	2	9777	Klient zawsze dorosły. Fakt głośny język pracownik łuk doprowadzić.
182	building	"pl. Plater 30/39
36-430 Jarosław"	113	8	8384	Włoski poeta podział dusza minuta. Przykład dolina długość bić ty. Dość suchy wyścig dostać.
183	flat	"pl. Zakątek 82/09
41-453 Otwock"	23	2	11406	Drzwi bardzo potrzebny wykonanie. Zakres mózg ból. Bar pojazd hasło przeszłość cichy przez stopa.
184	building	"aleja Tęczowa 821
94-933 Tychy"	101	7	6432	Wspomnienie ocean złożyć towarzystwo związać lot zapalenie. 70 straszny prywatny.
185	flat	"ulica Kolonia 40/21
97-268 Kętrzyn"	37	3	9118	Rzucić Australia kaczka podstawowy. Minerał byk koszula uczyć lis ubogi rzecz.
186	flat	"al. Wodna 694
74-583 Jarosław"	46	4	9900	Informacja sobą odpowiedź figura teoria. Urządzenie wyspa podnieść Włochy treść.
187	flat	"plac Szkolna 125
20-459 Grudziądz"	68	5	10331	Mapa minuta itp. np. biuro obserwować świnia.
188	building	"ul. Głogowa 86
59-105 Kraśnik"	95	6	8504	Dzisiaj krzyż terytorium konflikt but rodzic radiowy. Trzydzieści daleko profesor czasem półwysep.
189	flat	"pl. Promienna 80/73
92-566 Gliwice"	24	2	7171	"Wskazywać 1 Hiszpania. Szósty do słuchać wyspa słodki.
Hasło dopiero wszystkie rodzinny kolorowy."
190	building	"aleja Górska 01
53-046 Wałcz"	79	5	7727	Kolej różny obserwować należeć region rodzina. Proszę Pan stracić wpływ przyjąć sport.
191	building	"ulica Lelewela 89
61-180 Gniezno"	92	6	5847	Ilość miesiąc Afganistan sam sam szereg. Żelazo ząb mapa gość 4 ?.
192	flat	"ulica Mickiewicza 94
45-647 Sopot"	37	3	7463	Igła południe zachowywać się dziadek północny. Parlament sądzić srebrny ruch internetowy.
193	building	"al. Sosnowa 99/84
39-509 Zambrów"	84	5	6496	Gorący nauka tłuszcz odważny kino w wyniku. Zamiar wtedy plan zakład.
194	flat	"plac Szczęśliwa 35
05-904 Malbork"	23	2	11787	Płacić pani daleki kosztować.
195	building	"ulica Skrajna 29
14-768 Nowy Sącz"	163	10	8459	Wybitny spadek jeżeli zjawisko. Spotkać gałąź ta technika napisać.
196	flat	"aleja Wolności 06/51
32-973 Tarnów"	50	4	11805	Psychiczny niebezpieczny ryzyko. Konstrukcja angielski 900 móc poruszać się ciemny Anglia.
197	flat	"plac Jesienna 27
10-552 Głogów"	39	3	10277	Chrześcijaństwo wiele otwierać należeć poprzez ostry blady przychodzić. Dół państwo przygotować.
198	flat	"al. Liliowa 783
60-212 Bydgoszcz"	50	4	9026	Wieczorem ten sam podatek walczyć las publiczny tarcza. Właściwy chemiczny przyjaźń tytoń.
199	flat	"ulica Czarnieckiego 56
92-167 Myszków"	50	4	11699	"Pora pełen znów główny włos zamykać.
Kierować ziemia wokół w czasie."
200	building	"ul. Zbożowa 48/27
09-382 Grodzisk Mazowiecki"	135	9	9013	Święty przestać prostytutka transport pojęcie możliwość.
201	flat	"ulica Kolorowa 54
68-129 Gdańsk"	21	2	11053	Przebywać właśnie pojawić się otworzyć przyszłość. Lew bóg aby czy proszę.
202	building	"ul. Słoneczna 887
68-549 Siedlce"	123	8	9387	Górski opinia książka księżyc królewski jutro. Rana słownik smutek pijany użycie wioska oddech.
203	building	"ulica Daleka 87
82-815 Świdnik"	81	6	7819	Jedynie produkcja przestać nauczyciel Bóg. Nastrój srebro wybory. Publiczny prawny rodzaj.
204	flat	"plac Maczka 43
06-836 Płońsk"	43	4	11946	Dobro ocean wrogi średniowieczny dzieło składnik. Przechodzić lubić słowo bułgarski.
205	building	"ulica Kazimierza Wielkiego 33/28
26-177 Ostrowiec Świętokrzyski"	69	5	5804	Wojna burza typ. Łączyć ocean użytkownik jednostka ze.
206	building	"aleja Sadowa 423
36-546 Olkusz"	80	5	8897	Źródło podróżować okres fakt ciągnąć leczenie. Kolumna stanowisko trzydzieści zbyt od ładny.
207	building	"ul. Powstańców 794
67-465 Mława"	163	10	8452	"Natura koszula toponim.
Ozdoba piwo wysyłać kosz. Zasada fala wina gaz."
208	building	"ul. Lotnicza 78/55
27-619 Rybnik"	79	5	5100	Kłopot władca patrzeć gałąź zajmować. Zajmować usuwać grzech spokojny w celu muzyk niemiecki.
209	building	"plac Powstańców Wielkopolskich 68
21-016 Jarocin"	157	9	8453	Drzewo waluta po prostu. Wiedza noc film ośrodek umieszczać rola.
210	building	"plac Piekarska 15/42
75-821 Iława"	112	7	6770	Wygrać wizyta hotel. Model klub we koniec drzewo. Warzywo igła chronić ludzki nocny niski.
211	building	"al. Prosta 841
98-156 Ostrów Mazowiecka"	81	6	7851	Okolica on hasło dodać różny hałas mózg. Dół włoski nasz oni oddział.
212	building	"pl. Wiejska 90
46-141 Konin"	58	5	8472	Umowa gorący posiadać odważny. Wiek element tutaj złapać.
213	flat	"aleja Jeżynowa 675
14-341 Ząbki"	40	3	7459	Mięso drapieżny prosty ćwiczenie działać o grać zaczynać. Litera nocny stary.
214	building	"pl. Klasztorna 87/11
79-079 Mikołów"	71	5	8871	Kieszeń użytkownik nigdy żart. Rodzic dotyczyć tarcza obiekt przyrząd małżeństwo przyszłość.
215	building	"pl. Piwna 21
39-550 Świebodzice"	116	8	6905	Odwaga decyzja badanie babcia.
216	building	"ulica Niepodległości 76
40-798 Bełchatów"	72	5	5198	Związany pod dziura mocny planeta nieść praca.
217	building	"pl. Kilińskiego 30
35-017 Wejherowo"	108	8	7267	Jakby długo rosnąć mąka lekki kolej zimno. Promień doskonały pracownik złoty sala.
218	flat	"ul. Wypoczynkowa 93
53-375 Bartoszyce"	46	4	10104	W Wyniku pojęcie przyjemny miara. Dla motyl ośrodek służyć dostać 100.
219	building	"pl. Dworska 11/43
31-726 Legionowo"	64	5	9032	Gniew Niemcy kontakt. Taniec publiczny północ dzisiaj wyraz zapis płyn dom.
220	flat	"ul. Reymonta 112
59-199 Opole"	49	4	8376	Relacja cesarz nie równy. Rak zdrowie spotkać.
221	building	"ulica Ptasia 47/01
49-280 Kołobrzeg"	101	6	7474	Dane 1 maj wierzyć czerwony. Średniowieczny wymagać technika wspólnota wzrok.
222	flat	"pl. Olchowa 484
02-430 Inowrocław"	50	4	9563	Odważny danie minister pomoc Belgia trzydzieści. Czytać następować proces lista tablica modlitwa.
223	flat	"aleja Rejtana 82/77
85-405 Malbork"	52	4	7687	Religijny społeczny mężczyzna. Tydzień bar alkoholowy gęsty.
224	building	"al. Brzoskwiniowa 914
41-801 Mikołów"	128	9	6064	Babka powód panować kartka.
225	building	"aleja Słowicza 81
72-423 Tczew"	122	8	6327	Wydać płaski pojęcie liść wreszcie odpowiadać. Zazwyczaj lipiec siostra doświadczenie poważny.
226	flat	"aleja Mickiewicza 25/65
14-379 Piekary Śląskie"	63	5	10644	Deska wygląd pomagać jednak krew. Podróż dziewczynka cmentarz łatwy. Suchy polować chcieć.
227	building	"aleja Handlowa 73/39
57-457 Szczecinek"	77	6	6230	Zupełnie wychodzić wada ludowy jakość czwarty. Europejski w pomoc skłonność społeczny.
228	building	"pl. Jarzębinowa 31
13-030 Biłgoraj"	115	7	9324	Podawać europejski kontrola księżyc.
229	flat	"pl. Podwale 74
18-856 Opole"	60	5	8120	But pięćdziesiąt lub dostać autobus. Otoczenie znów trzy.
230	building	"ul. Piekarska 54
49-636 Wągrowiec"	98	7	9539	Ale osiem znowu przerwa upadek klasa. Dobrze wąż rak. Ciało podnieść dane tutaj potrzebny.
231	flat	"al. Miodowa 708
47-663 Kościerzyna"	28	2	11415	Szybki stacja niedziela centralny radiowy wywodzić się może. Osiem nastrój po dany.
232	building	"ul. Wojska Polskiego 08/07
61-400 Zakopane"	132	9	5237	Wiadomość obserwować kąt skłonność wakacje itp. książka letni.
233	building	"ulica Kazimierza Wielkiego 30
71-402 Koszalin"	135	9	9272	Surowy noga brat przyszły. Krzew gdzieś głowa.
234	flat	"pl. Bolesława Chrobrego 969
70-234 Sanok"	56	4	7636	Autobus filozofia czapka utwór liczny przeszłość. Jakość mecz lek prezydent dno zdjęcie.
235	building	"al. Jana Pawła II 13
56-027 Ząbki"	135	9	7703	Piękny oddech żyć Europa skóra. Prosić kult bądź USA plan fizyczny warunek.
236	building	"aleja Magnoliowa 049
36-923 Olkusz"	125	8	7993	Równy powstawać nadzieja. Zegar ośrodek wracać wysiłek.
237	building	"plac Ściegiennego 76
64-295 Wałbrzych"	147	9	8573	Ślad zarówno USA rządzić gdzie. Słoń wschód nie- wydać też fragment tu.
238	flat	"pl. Pogodna 62/66
13-661 Wągrowiec"	54	4	8427	"Wewnętrzny but jabłko pokarm statek obywatel zaś.
Płeć cierpieć następny Piotr usuwać barwa."
239	building	"al. Wypoczynkowa 138
32-012 Kraków"	158	10	6227	Metal okoliczność brat. Majuskuła 30 strumień dzisiejszy.
240	building	"ul. Rynek 74/33
04-591 Świdnica"	77	5	7198	Rower w czasie równy piękny brązowy noc. Woda żona znaczny oba. Deska restauracja 900.
241	flat	"ul. Wiślana 36/78
68-578 Białogard"	67	5	9402	Dalej kultura zniszczyć trzydzieści zmieniać postać. Babcia mgła przyrząd spać bronić 0 władca.
242	flat	"ulica Łanowa 79
43-362 Bielsko-Biała"	57	5	11057	Wpływ muzyka odważny prawda dno -. Pogoda czoło dokładny spać owoc.
243	flat	"ulica Rejtana 93
08-359 Białystok"	33	3	8509	Energia włoski drugi zły. Odwaga bar gęś podłoga.
244	building	"ul. Skłodowskiej-Curie 69/40
45-630 Myszków"	94	7	8638	Naukowy bo właśnie dawać lis. Wierny gmina jutro powolny.
245	building	"plac Skłodowskiej-Curie 921
04-772 Skierniewice"	142	10	9119	Afryka koszt rzucić lista. Ta wykonać wybitny Węgry.
246	building	"ulica Norwida 78
47-343 Kwidzyn"	151	9	8854	0 pozostać modlitwa obiekt myśleć sytuacja ciało.
247	building	"pl. Narcyzowa 80/46
60-640 Legionowo"	109	7	7918	Lew akcja dlaczego wnętrze 60 herbata. Porządek ubranie spotkanie stały tutaj.
248	building	"pl. Poznańska 60/85
32-033 Kalisz"	133	9	5426	Zielony już odpowiedni trzydzieści. Strach kolano otrzymywać sposób istota towar biblioteka.
249	flat	"al. Reymonta 402
88-134 Nowa Sól"	50	4	9077	Widok książę wytwarzać brat błąd bieda skała śmiać się. Wino poruszać się cmentarz.
250	flat	"pl. Floriana 35/56
10-144 Kędzierzyn-Koźle"	36	3	11304	Gospodarka sędzia kula odwaga doświadczenie prawo prezydent też. Pochodzenie układ ślad pan głód.
251	flat	"ulica Długosza 45
04-962 Giżycko"	42	3	10501	Bóg mały 100 atak bajka. Czasownik złodziej rozmawiać rolnik również.
252	building	"aleja Sikorskiego 10/95
50-925 Piotrków Trybunalski"	72	5	9233	Przyszłość tysiąc bilet znany śmiać się. Zjawisko wątpliwość odwaga temu.
253	building	"pl. Grunwaldzka 83
26-886 Olkusz"	101	6	9763	Wtorek znajdować się towar. Zimny przyjemny cena ptak.
254	flat	"ulica Lwowska 12/01
58-178 Biłgoraj"	61	5	7849	Narzędzie złoto centrum prawo płaski. — więc przemysł 6 drewno pijany.
255	flat	"pl. Szkolna 493
01-855 Ostrołęka"	37	3	9369	Wieczór stan wydawać się stanowić. Działać miejsce małpa kupić żywność grób.
256	building	"pl. Floriana 25/80
22-380 Gniezno"	91	6	6094	Chrześcijaństwo zgadzać się polegać z powodu sztuczny pochodzenie umieścić leżeć.
257	flat	"al. Srebrna 03
20-660 Wałcz"	57	5	7986	Ozdoba atak sylaba proces ludność po. Rozmiar gęsty słowo źródło mierzyć przybyć.
258	building	"plac Gdańska 72/71
55-982 Olkusz"	77	5	5641	Wysokość jedzenie gatunek organ zupełnie Białoruś wkrótce.
259	flat	"ulica Hallera 00/55
39-287 Czeladź"	39	3	8737	Układ Okresowy porządek olej grzech brzeg nieprzyjemny paliwo. Fałszywy bez zima.
260	building	"pl. Długa 98
65-562 Skawina"	108	8	8303	Korzystać smak chęć penis. Służyć niebo potrafić niebezpieczny.
261	flat	"plac Źródlana 43
01-275 Radomsko"	29	2	11344	Gość opowiadać życie mapa kiedyś lampa. Nie Ma żaden przed odczuwać tworzyć aby.
262	flat	"plac Szmaragdowa 26/59
87-934 Krosno"	48	4	11542	Zamiar zazwyczaj linia linia widok góra prawda pas. Walczyć ogólny średni wybrzeże.
263	building	"aleja Krasińskiego 159
16-799 Wałbrzych"	136	9	5363	Babka klasztor różnica urząd daleko wodny. Czekolada waga bank pierwiastek chemiczny.
264	building	"ul. Wczasowa 76/35
33-923 Świebodzice"	151	9	6806	Gra robota religijny polski los. Kwiecień duński tylko bóg. Pasmo materiał panować powinien należy.
265	building	"ulica Kościuszki 79/53
79-533 Jaworzno"	107	7	7764	Dotyczyć seksualny jednak rzeczywistość zakładać na przykład. Twardy planeta luty nastrój ochrona.
266	building	"plac Skargi 20
93-021 Nowy Sącz"	148	9	8385	Promień Polska jedzenie wy żołądek. Rano pszczoła zrozumieć katolicki istota zakon.
267	building	"plac Sportowa 23
57-451 Racibórz"	112	8	5185	Polityczny możliwość sam taniec. Proces wiosna rak pływać efekt. Chodzić rzucić ?.
268	flat	"aleja Cegielniana 46/15
13-752 Kwidzyn"	39	3	11976	Świątynia alkohol kilometr turecki przemysł. Sos znaczyć drzewo szanowny zawsze wytwarzać.
269	building	"aleja Wiklinowa 83/53
18-171 Sieradz"	91	6	6258	Wybrać Europa co brudny. Głupi grać Izrael.
270	flat	"al. Chabrowa 82
30-347 Tomaszów Mazowiecki"	49	4	7874	Miękki symbol suchy.
271	flat	"ulica Wrocławska 25
13-190 Lębork"	47	4	10763	Pytanie pamiętać związany okazja. Charakter — widok wracać że. Naród zupełnie stado forma stosować.
272	flat	"aleja Dobra 40
29-322 Wejherowo"	45	4	11838	Efekt okręt zielony okres Azja komputer wujek. Chodzić 1 flaga nic prowincja całkowity.
273	building	"plac Młynarska 29
05-479 Śrem"	79	5	7947	Herbata mieć na imię towar banknot walka bułgarski wiele. Podróżować plama Grecja fala.
274	building	"pl. Kasprowicza 59
37-268 Rzeszów"	65	5	9124	Kierować pająk bezpośrednio.
275	building	"pl. Powstańców Wielkopolskich 466
59-483 Marki"	112	7	9421	Lekki wątpliwość ciężar bogactwo połowa zdolny. Pojemnik stowarzyszenie jeżeli gałąź on wykonywać.
276	building	"al. Sarnia 58
43-918 Opole"	115	9	7649	20 kierunek stworzyć mieszkać w celu. Drogi latać leżeć trudno.
277	building	"al. Sadowa 812
21-123 Wodzisław Śląski"	132	8	9758	Sobota zero urządzenie wizyta odcinek muzeum.
278	flat	"pl. Makuszyńskiego 79
72-416 Kielce"	27	2	10540	Układ Okresowy akt między strefa napisać oba. Kontynent obowiązek obwód.
279	building	"aleja Letnia 665
58-999 Kielce"	82	5	7603	Społeczeństwo przeszłość dużo udział. But Bóg typowy dziesięć rzadki koszt dawno deszcz.
280	flat	"plac Jagodowa 83/65
50-090 Konin"	38	3	8581	Pomidor impreza graniczyć październik.
281	flat	"ulica Tysiąclecia 73
43-664 Kościan"	33	3	7474	Grecki rzadki zimno bóg.
282	flat	"aleja Wałowa 21/12
14-355 Brodnica"	27	2	9386	Obrona jajko woda błoto. Kolej czwartek rzucać produkt.
283	building	"pl. Jana 62
07-682 Śrem"	82	5	9229	Kilometr wiersz stolica. Powiedzieć no szary alkoholowy stacja górski okoliczność.
284	building	"plac Królewska 65
86-728 Luboń"	137	9	5127	"Świadczyć wyścig lęk dyrektor użyć łuk. Transport stado miłość w..
Cukier to rzadko karta zawsze."
285	building	"ul. Piastowska 04/02
57-144 Żyrardów"	77	6	7557	Koszula niebieski niebieski. Transport stacja dziś tydzień kto chłopak złapać.
286	building	"plac Cyprysowa 84/21
46-216 Włocławek"	117	8	5576	Kraków metalowy ocean system produkt drużyna praktyka. Mocno miejscowość pomidor.
287	flat	"aleja Zacisze 27
75-075 Łuków"	57	5	8595	Oś nieprzyjemny i ubranie może jakość 7.
288	building	"pl. Młyńska 49/40
24-089 Częstochowa"	122	8	8476	Słyszeć południowy wywodzić się pasek charakterystyczny tańczyć.
289	flat	"al. Rubinowa 60
49-406 Świętochłowice"	23	2	10408	Odległość oś komputer ja. 60 rodowity pełny różowy.
290	building	"al. Lwowska 86/92
92-379 Krosno"	142	10	10000	Kolejny trzy uniwersytet. Dolny aby biuro otoczenie. Opowiadać marka jaki grupa.
291	building	"aleja Świerczewskiego 72
17-774 Łowicz"	135	9	8767	Przybyć źródło wiosna niewielki sylaba posiłek wiosna. To zachód znów św. oraz stół.
292	flat	"ulica Morelowa 80
88-395 Chełm"	34	3	11797	Intensywny zajęcie wyścig muzeum istnieć minuskuła cel. Chłopak lustro chmura Francja.
293	flat	"pl. Wieniawskiego 573
98-124 Lubartów"	66	5	9200	Wrogość ktoś chłopak wyrażać. Ciekawy sto ciąża osoba krew.
294	building	"al. Lwowska 28/01
49-927 Żory"	103	7	5938	Niebezpieczeństwo gwiazdozbiór wybory pogląd iść kontynent. Żółty także dokładnie gmina w wyniku.
295	flat	"aleja Środkowa 25
63-621 Mikołów"	63	5	8910	Drogi cichy przechodzić praktyka lata wątpliwość. Społeczeństwo hasło bydło połączyć czas przyjść.
296	building	"aleja Wczasowa 282
26-409 Białystok"	94	6	9637	Z wybrzeże chiński wina urodzenie mężczyzna polski.
297	building	"plac Poziomkowa 80/99
52-576 Kalisz"	127	9	9469	Czy cel wykonywanie spór św. lampa Kraków.
298	flat	"aleja Cyprysowa 55/75
46-045 Łódź"	61	5	11947	"Mecz nawet zabić lotniczy drzewo.
Zaburzenie rzeka szwedzki budzić papież."
299	flat	"al. Rajska 22/01
65-427 Łuków"	50	4	10965	Pomiędzy urządzenie prawny mało szkło prowincja Włochy dziadek. Arabski jazda by sklep.
300	flat	"pl. Krokusowa 83/31
17-318 Ostrowiec Świętokrzyski"	22	2	10820	Papież pora zwierzę zwyczaj numer. Zwłaszcza fakt moc kolega. Pojazd dziewczyna aktywny gra.
301	building	"pl. Turystyczna 31
14-338 Kutno"	123	8	5080	Klimat zawierać zarówno wieś. Srebrny studiować słoneczny zbiór wodny czyli umieścić.
302	building	"pl. Glówna 02
20-087 Brodnica"	118	7	8699	"Izrael strona kula parlament.
Pozycja zainteresowanie odpowiedź narodowy but telewizja."
303	building	"pl. Konopnickiej 264
28-971 Środa Wielkopolska"	98	6	8238	Mrówka wiele pas tytuł.
304	flat	"al. Jabłoniowa 638
89-345 Łowicz"	38	3	7914	Płaski filozofia okropny. Gaz tani jadalny książę działać myśl.
305	building	"plac Kowalska 66/90
40-936 Nowy Targ"	128	9	5764	Coś zwolennik przecież tarcza. Ładny odpowiedni 9.
306	building	"al. Sucharskiego 633
92-472 Nowa Sól"	72	5	6557	Pisać przechodzić palec białoruski praca spadek. 7 strumień dane pogląd położyć gałąź przy wyrażać.
307	flat	"ulica Piekarska 52/81
37-965 Mińsk Mazowiecki"	69	5	8937	"Wpływ otoczenie park dalej sos wynosić go.
Poprzez handel ukraiński miejski. Chwila ulegać 6 ich."
308	building	"ulica Dojazdowa 746
96-078 Piaseczno"	81	5	8741	Spać podawać łódź. Wynosić gospodarka styl.
309	flat	"plac Chopina 58
41-553 Skarżysko-Kamienna"	60	5	8288	Grecja kłaść czarny zamiast dziecięcy głośny cichy. Zły oddać historia wyjść Chiny.
310	flat	"plac Wiatraczna 34/42
08-110 Żary"	47	4	9969	Zeszły dawny głęboki metoda dziś.
311	building	"al. Akacjowa 38/87
89-154 Gliwice"	81	6	6535	Wódka Niemcy wskazywać wszystkie wtedy. Szkło umowa pora ziemski krew powoli całkowity.
312	building	"pl. Głogowa 48
99-521 Zielona Góra"	150	10	8938	Jajko funkcja ból sztuka wątpliwość żółty kupować jądro. Zniszczyć sala przyprawa.
313	building	"plac Paderewskiego 59
32-718 Gorzów Wielkopolski"	113	8	8625	Ciotka ostry sposób dawno czekać. Podłoga my północny dziewczynka mi rodzic maszyna dlatego.
314	flat	"pl. Grunwaldzka 063
23-714 Ostrów Mazowiecka"	36	3	11965	Dodawać przeciwnik gra —. Wiedza przykład broda żelazo chłopak kosztować obecny badać.
315	building	"pl. Fiołkowa 67
22-408 Wałbrzych"	115	7	7306	Czas japoński przyczyna papież nad w. wygrać oddech. Ci cztery służba krowa.
316	building	"ul. Kielecka 096
53-478 Ciechanów"	70	6	6718	Sala wyjście trwać samochodowy naukowy 50. Czechy chyba święty mowa.
317	building	"al. Zbożowa 732
85-717 Nowa Sól"	138	9	8919	Skończyć jajko partia znowu substancja piąty. W. głowa zboże świeży.
318	building	"ulica Makowa 56/15
03-138 Kraków"	159	10	9297	Radość przedmiot albo trudność. Udział ten student. Znaczyć kawa równy pole.
319	flat	"ul. Glówna 626
54-774 Bolesławiec"	64	5	9587	Sygnał dzisiaj nigdy skała. Opinia nieszczęście temperatura gra obok. Kamień głowa klub byk lub.
320	building	"al. Moniuszki 16
20-586 Kłodzko"	73	5	6830	Hiszpański przerwa religijny ulica. Dodatek malować wydawać się późno maj możliwość.
321	building	"pl. Wschodnia 08/55
73-780 Zgierz"	78	5	5012	Broń strata zmiana otwór częściowo grudzień. Gęś jeden od 7 usuwać metalowy łatwo.
322	building	"al. Długa 48
50-187 Radom"	151	9	5134	"Gazeta niewolnik kaczka co zdrowie rozmiar siódmy.
Metoda wiadomość zjeść cmentarz dzisiejszy."
323	flat	"ul. Pałacowa 63
48-285 Gdańsk"	49	4	8507	Należy odpowiedni hałas bogactwo. Zdarzenie tablica zdarzenie wyrażenie.
324	flat	"ul. Matejki 89/16
06-658 Żywiec"	35	3	7676	Twój straszny dostać ty ksiądz głęboki lecieć. Dopiero nasz udać się barwa.
325	flat	"al. Jaśminowa 02/15
84-553 Nowy Targ"	42	3	11636	Pozwalać zapis przedmiot charakter nocny.
326	flat	"ulica Lazurowa 698
66-840 Śrem"	24	2	9562	Z stać się pole próba odmiana starać się. Zawartość przynieść sam liczyć historia.
327	flat	"plac Niepodległości 314
57-047 Radomsko"	62	5	9068	Włosy fizyczny szkoda skala.
328	flat	"aleja Bałtycka 76
79-674 Żywiec"	61	5	11409	Miasto i Boże Narodzenie dowód. Telewizyjny mysz wejście archipelag.
329	building	"al. Słoneczna 39
12-129 Krotoszyn"	117	8	5070	Otwarty pogoda komputer naczynie.
330	flat	"ul. Zakole 416
13-605 Wieluń"	57	5	11709	Miejsce tracić siła rosyjski wysokość który pusty.
331	flat	"ulica Chabrowa 761
16-721 Będzin"	25	2	9162	Marzec pojęcie ulica rejon doświadczenie sprzęt. Trudność rzeczownik ogon przyczyna.
332	building	"aleja Agrestowa 50
89-277 Żywiec"	161	10	8016	Deska spotkanie ciemność. Dziwny własny żydowski taniec zrozumieć.
333	flat	"aleja Drzymały 82
95-052 Zambrów"	30	2	10236	Brak wódka naczynie ulica deska. Sylaba istnieć słownik stać się oddział.
334	building	"al. Waryńskiego 16/97
41-612 Puławy"	96	7	6014	Zdjęcie autobus początek dziecięcy pięćdziesiąt. Porządek dać się bieda masa zabawa 1000.
335	building	"ulica Sokola 287
90-014 Piekary Śląskie"	96	6	5628	Pałac wycieczka instrument mi cecha siedem. Zobaczyć Kraków pojawić się norma płeć.
336	flat	"al. Pułaskiego 929
61-747 Oświęcim"	64	5	9098	Ustawa kraina naturalny. Adres pas Węgry miejscowość zdarzenie akt. Pójść jajo zdrowie sprzedawać.
337	flat	"ulica Brzechwy 25
84-253 Głogów"	51	4	10721	Koło uwaga ich górski odwaga siedzieć. Rolnik gwałtowny życie jedenaście gdzieś.
338	building	"aleja Witosa 535
69-828 Nowy Dwór Mazowiecki"	145	10	5560	Kot męski urodzenie płyn. Córka Chrystus natura głos przestać sobota budować.
339	building	"pl. Sawickiej 12/01
31-796 Łuków"	118	8	5045	Zgodnie różowy owca stały opłata planeta. Kolejny potrawa klimat uznawać żywy płyn działanie.
340	building	"plac Wrocławska 409
30-293 Ełk"	123	7	8268	Wybierać zająć zimny jedenaście.
341	flat	"aleja Truskawkowa 53/60
06-720 Wałbrzych"	70	5	8479	Złożony umowa owca także. Kłopot ciekawy według wiedzieć ptak.
342	flat	"pl. Miła 16
25-825 Grodzisk Mazowiecki"	56	5	11959	Mieszkać tradycja centralny świeca płyta.
343	flat	"ulica Osiedlowa 649
42-456 Luboń"	49	4	10107	Zboże wolno nos padać firma. Partia zgromadzenie gaz symbol niebezpieczeństwo możliwość 90.
344	flat	"pl. Ceglana 552
15-505 Zambrów"	65	5	11232	Zgromadzenie w patrzeć but. Zaczynać kosz przestać chłopiec przy budzić samiec zanim.
345	flat	"plac Tulipanowa 94/39
49-340 Biała Podlaska"	56	4	7074	Przejście mleko sprawa.
346	flat	"pl. Floriana 109
51-979 Kłodzko"	25	2	10581	Blady pismo lekki. Śniadanie usta jakość papieros.
347	building	"ulica Powstańców Wielkopolskich 82/31
31-487 Kraśnik"	68	5	6511	Co dokument komputerowy łaciński. Koń zobaczyć pojęcie dla wydać skała odkryć.
348	flat	"al. Chełmońskiego 88
90-248 Siemianowice Śląskie"	64	5	11552	Zgodnie gotować kanał gość. Zdanie narkotyk czyn organizm. Pewien korzystać olej prawdziwy.
349	flat	"pl. Żeromskiego 95
32-574 Piekary Śląskie"	49	4	10885	Wszystek opłata europejski czeski. Oś pokryć wypowiedź 80 wskazywać.
350	flat	"ulica Kowalska 276
87-918 Szczytno"	63	5	7454	Zupełnie styl studiować historyczny. Zdrowie filozofia blisko kostka szczyt trzeba.
351	building	"plac Letnia 23
46-664 Sanok"	119	9	9806	Wiara proces ciężki strata. Małpa blady sprzęt sieć płakać internetowy dodatkowy poważny.
352	flat	"al. Żwirowa 31
05-424 Bochnia"	37	3	11326	Specjalny kłaść różnica głupi wybitny. Śmiać Się kolano ta pasek.
353	building	"al. Dobra 08
33-595 Ełk"	90	6	6175	Proces część impreza zamknąć lecieć wiele. Jechać osoba lekcja wódka tradycyjny ptak gardło.
354	building	"aleja Rolna 91/96
88-550 Łuków"	106	8	9989	Wojenny plan mierzyć milion.
355	flat	"pl. Odrzańska 27
49-947 Wodzisław Śląski"	26	2	8568	Tani odległość pan profesor kościelny wino. Nagły niż otaczać wycieczka podawać.
356	building	"ul. Cicha 995
78-078 Rzeszów"	85	6	6841	Zmęczony okoliczność ssak sobą.
357	flat	"ul. Słowackiego 16/50
68-931 Skawina"	32	3	11365	Zaczynać smak procent minister. Bogini odpowiedź zmęczony jeden materiał otwarty zaś.
358	flat	"plac Starowiejska 36/70
29-340 Skierniewice"	49	4	9637	Niewielki ci rządzić. Cesarz rezultat znaleźć tam ssak. Uwaga majątek seks 4.
359	flat	"ul. Jagiellońska 634
78-852 Tczew"	48	4	10729	Autobus maj aż ósmy całkiem brzydki. Cesarz no iść lato mało.
360	building	"aleja Łanowa 04
21-762 Tarnowskie Góry"	142	9	8832	Znów gęś tkanina maj lub podnosić rosyjski tam. 1 napój film operacja.
361	flat	"plac Cisowa 85/89
96-604 Radom"	44	4	10938	Prawo palec brzuch wielkość okno katolicki. Majątek silnik piosenka gra dziedzina pasmo.
362	building	"al. Malczewskiego 47
45-756 Gdańsk"	168	10	5794	Pojedynczy dolina obywatel. Wykonywanie znaleźć flaga zajmować czytać.
363	flat	"aleja Sikorskiego 36
39-907 Wieluń"	52	4	11020	Ona wieś powszechny bieda otwarty. Zmienić wpaść istotny bić no słaby nastrój.
364	flat	"aleja Modrzewiowa 64
45-573 Piastów"	68	5	8376	Kontakt wobec przyrząd wolno sport szeroki władca. 60 przebywać cześć biskup.
365	flat	"aleja Moniuszki 66/12
99-378 Przemyśl"	71	5	10421	Długość obywatelka mówić pasek pokazywać uwaga. Istnieć obrót Afryka rzeczownik kula impreza owoc.
366	flat	"aleja Wilcza 34/84
47-929 Gniezno"	26	2	8557	Karta Egipt w celu zwrot dwa scena. Wino mieć na imię religia 40.
367	flat	"pl. Armii Krajowej 111
62-965 Kalisz"	24	2	7326	Sobie lista na dzięki pragnąć. Znaleźć doprowadzić sylaba ważny określać władza spać.
368	flat	"ulica Turkusowa 40/79
53-642 Inowrocław"	60	5	10391	Lekcja lot obecnie. Wykonanie Ameryka wojna proszę. Analiza oni zaczynać.
369	building	"al. Jana Sobieskiego 57
72-178 Suwałki"	154	10	9932	Wolny ogół ryż szpital twarz. Szeroki zdjęcie bieg użytkownik. Grób otaczać ośrodek rok.
370	building	"pl. Sawickiej 56
77-524 Bytom"	93	6	7472	Kolej syn Dania Polska program mądry Azja jutro. Charakterystyczny potrzebny nowy wyraz.
371	building	"al. Irysowa 395
84-969 Rumia"	103	7	5550	Powstanie samochodowy podczas most.
372	building	"aleja Krasińskiego 20
85-814 Pszczyna"	123	9	8740	Żeński jeździć nieprzyjemny nastrój szczęście. A w celu pytać.
373	building	"aleja Kruczkowskiego 59/46
95-036 Zabrze"	87	6	5199	Pierś ku sześćdziesiąt prosty. Jeżeli pora pomieszczenie drzewo czynić policjant okazja.
374	flat	"pl. Kaliska 42/66
70-748 Piekary Śląskie"	26	2	9329	Naród twój norma koszula organ sprzęt. Trzeci czyn udział.
375	flat	"plac Korczaka 017
59-570 Pruszcz Gdański"	39	3	11570	Budowla oni dokument przepis czwarty element. Rzadki stopień ssak pałac miły stracić.
376	building	"pl. Lwowska 53
74-695 Łomża"	149	10	5675	Służyć las niektóry dla jeden dziura majątek. Złoto dostęp pierś zostać wieś ponad podłoga.
377	flat	"ul. Bociania 716
49-104 Chojnice"	27	2	8091	Kobiecy Austria dzisiaj dziadek pokarm dusza jajko. Korona miasto piasek smutek.
378	flat	"aleja Błękitna 684
43-673 Goleniów"	38	3	11852	Trzeci dolny drzewo klub. Produkować ogólny lampa.
379	building	"plac Głowackiego 050
61-776 Bielawa"	147	9	9644	Uderzyć strumień pewien zakon nadzieja sukienka. Do kiedy mocno broń azjatycki.
380	flat	"aleja Staszica 28/31
29-817 Bielsk Podlaski"	62	5	10833	Przeciwko polegać ku lek owca. Naukowiec film silny aby wybitny. Zero skończyć zwolennik ściana.
381	flat	"al. Głogowa 75
79-959 Knurów"	55	5	10521	Wskazywać wymagać wrzesień mieszkać bić zawodnik zły.
382	building	"aleja Żabia 34/43
78-707 Wałbrzych"	134	9	5799	Żydowski gospodarka jesień procent sos komputer. Włosy płynąć w wyniku następować.
383	building	"ulica Stefana Batorego 31/38
35-889 Piekary Śląskie"	97	6	7797	Kapelusz hotel dzielić wygląd żywy. Obcy umrzeć wejść płaski rozmowa październik minuta.
384	flat	"plac Kolonia 586
66-808 Koło"	51	4	9319	Babka stosować dużo proces byk odzież zostać sobie. Wartość zamek położyć wejście 30.
385	building	"aleja Plater 48
50-129 Płońsk"	140	9	9281	Niedźwiedź oznaczać powodować. Korona jutro panna musieć starożytny wzór śmiać się.
386	building	"ul. Kaszubska 75/99
17-731 Jasło"	131	9	7705	Zawodowy godzina wszyscy 5 układ następny śmiać się. Kosztować zwłaszcza płyn odległość jądro.
387	building	"plac Słonecznikowa 237
20-609 Otwock"	150	10	7857	Węgiel włoski Włochy ziemski żyć pożar. Przyrząd kij partia jeść pracownik.
388	building	"al. Lipca 77
45-113 Piastów"	107	7	8958	Pacjent napój niewolnik praca.
389	building	"plac Rzeczna 70
11-005 Świętochłowice"	77	5	6333	Nieść gdzie po dać lecz obóz zaraz model.
390	building	"al. Kolorowa 27
59-709 Czeladź"	124	8	7244	Blady piec rzucać punkt produkować kraina pierwszy obcy. Niektóry dodawać otaczać pokryć.
391	building	"al. Lipowa 03/63
25-210 Bielsk Podlaski"	144	10	5804	Z Powodu wszystko kolano duch skrzydło prąd. 30 całkowity interes minerał.
392	building	"pl. Sokola 063
16-249 Łuków"	103	7	8832	Naturalny przemysł piasek kłopot policja narodowy. Waga dawno broń drapieżny obcy zgodnie lis.
393	building	"plac Grzybowa 964
40-377 Sosnowiec"	85	6	9600	Prezent miejski krzyż. Spodnie rodowity dać Polak.
394	flat	"al. Strażacka 69/60
30-898 Bielawa"	35	3	9958	Włos (…) nadmierny wieczór strona komputer ciało. Zewnętrzny Jan zupa niebieski.
395	flat	"aleja Jesionowa 14/27
27-958 Ostrowiec Świętokrzyski"	24	2	8888	Zaburzenie postać armia gniew jeden klasztor doprowadzić. Analiza futro fizyczny potrzebować.
396	building	"ul. Plater 78/66
27-784 Łuków"	94	6	9270	Kultura widoczny wschodni zajęcie.
397	building	"ulica Kraszewskiego 04/22
41-002 Wejherowo"	153	10	7905	Oznaczać los późny wino znak. Psychiczny przestępstwo byk wspomnienie myśleć.
398	building	"plac Norwida 29/06
58-832 Giżycko"	136	10	6069	"Domowy fotografia plaża region sędzia.
Pamiętać czerwiec dawno zaczynać delikatny."
399	building	"plac Lazurowa 52/22
50-504 Jarocin"	96	7	9180	Telefon budować część znaczyć. Wartość zamiar własność podnieść. Kraj chłopak złożony.
400	building	"ulica Sosnowa 573
33-770 Płońsk"	74	5	7741	Trwać Rosja około ty biskup ochrona. Wyjście hałas gorący graniczyć.
401	building	"pl. Pałacowa 17/42
44-937 Tomaszów Mazowiecki"	93	6	5125	Górski pająk piętro !. Barwa Szwajcaria taniec zaś miejscowość. Siła lód metalowy cisza.
402	flat	"ul. Kalinowa 71
19-304 Ząbki"	55	4	11106	Wilk amharski park kierować. U naukowiec głupi -.
403	building	"aleja Pałacowa 32
41-564 Żagań"	79	6	9059	Narodowość blady 900 biskup gatunek warzywo ciągle. Naród niektóry pijany jeść łóżko prędkość.
404	building	"pl. Bankowa 02/11
46-919 Czechowice-Dziedzice"	126	9	7921	"Narodowy przecież miecz lista.
Widok uśmiech uciekać."
405	building	"ul. Bałtycka 03
41-718 Jawor"	109	8	7540	Świeży lista dodatkowy temu. Język mieć łóżko komputerowy głośny wysoko. Przyjąć nagły szybko dać.
406	building	"al. Rajska 70/01
71-133 Kalisz"	90	6	9443	Rodzina bronić sieć ser mój wódka radio.
407	flat	"ul. Zamkowa 71/82
31-454 Nysa"	23	2	9232	Burza zbiornik brak położyć każdy ponad.
408	building	"plac Słowianska 736
89-994 Kędzierzyn-Koźle"	86	5	7746	Rana wtorek kto reakcja. Zjawisko wczesny wystawa zająć zdolność kwiecień.
409	flat	"al. Mickiewicza 36/95
82-895 Kraśnik"	24	2	8406	Hałas rada żywność gaz. Biuro wartość całkowicie sierpień wywoływać istnieć.
410	building	"al. Wspólna 837
81-691 Krosno"	142	8	9421	Ludność przynosić gatunek dodawać zupełnie. Cebula gdy cztery wybór pusty.
411	building	"al. Młyńska 85/14
75-635 Reda"	76	6	6840	Reakcja zbiór las zamiar uderzać ostatni jajko. A mój określony.
412	flat	"plac Szafirowa 08/28
16-357 Jaworzno"	46	4	8544	List pałac brzeg Hiszpania. Mieszkanka wolno cierpieć pora przyszłość kość. Chiński stopa fałszywy.
413	flat	"al. Tylna 429
26-807 Czeladź"	47	4	11442	Siódmy 0 samiec kura Chiny praca.
414	flat	"aleja Stawowa 89
56-796 Sandomierz"	56	4	11693	Łóżko musieć służba stanowisko on ulica łąka. Srebrny łąka fizyczny.
415	building	"aleja Orzeszkowej 63
17-080 Wałcz"	158	10	9655	Zamek pomieszczenie obiad minuta. Piętnaście penis płacić włoski kot.
416	building	"ulica Piękna 11/46
47-391 Luboń"	130	8	9454	Wydarzenie zmienić mleko kilka. Nasienie flaga pojęcie zmiana porządek.
417	flat	"pl. Wiślana 63
37-115 Pszczyna"	52	4	10388	Ciemny dźwięk konstrukcja udać się naukowiec sam. Szlachetny ubogi stolica.
418	flat	"ulica Jana III Sobieskiego 27
68-704 Kołobrzeg"	66	5	7685	Lód zachodni stawiać lew mało wewnętrzny. Skala powierzchnia metal tani lipiec przerwa terytorium.
419	flat	"ul. Sowia 202
05-430 Zgorzelec"	53	4	9080	Cierpienie kończyć męski pustynia. Złoto urodziny kościół potrzeba.
420	building	"plac Południowa 53
55-107 Świdnica"	148	10	9859	Samochodowy za pomocą ze południowy ochrona wejść.
421	flat	"pl. Czarnieckiego 647
20-221 Polkowice"	50	4	11837	Łąka władza nadzieja pieśń ryzyko teoria że koza. Nauczyciel suchy księga nieść obowiązek.
422	building	"aleja Drzymały 31/90
64-328 Sosnowiec"	99	7	7700	Podawać używać trzydziesty urzędnik. Graniczyć uznawać —.
423	flat	"al. Rajska 28
05-369 Kraków"	55	4	9492	Łóżko silnik polityk mur rada ulica. Spadek zanim armia.
424	flat	"ul. Orkana 452
99-874 Gliwice"	67	5	9526	We wschodni region. Strata niezwykły przechodzić rosnąć dokonać.
425	building	"ul. Poziomkowa 60/50
11-583 Legionowo"	110	6	7556	But piłka nożna specjalny pierwszy różnica. Jeśli klimat białoruski atmosfera.
426	flat	"plac Cegielniana 66
12-733 Tychy"	68	5	10998	Wyjść dlatego 60 słownik ludzie cmentarz. Surowy my zegar robotnik.
427	building	"al. Kazimierza Wielkiego 10
83-596 Grudziądz"	106	8	6139	Kolano budynek granica podobny kartka teatr. Skutek piec wino aby.
428	building	"al. Okulickiego 20
13-904 Żywiec"	92	7	5227	Tradycja podobny błoto oni strach. Tam nasiono dać się.
429	building	"aleja Urocza 113
57-366 Płock"	81	6	9743	Przedstawiciel artysta napisać rządzić czarny. Kult klient głowa służba wojskowy góra uderzać.
430	flat	"ulica Miodowa 80/02
03-175 Nowy Targ"	28	2	10310	Kieszeń przyrząd Polska Czechy kolej łóżko pięć.
431	flat	"aleja Prosta 72
76-605 Sosnowiec"	39	3	7100	80 zdrowy centralny samochodowy. Zgodny zainteresowanie graniczyć.
432	flat	"ul. Krasińskiego 87/41
27-919 Jarosław"	42	3	7442	Obraz waga srebro chłopak. Ulica skala zdrowy zazwyczaj kurs komputerowy.
433	building	"plac Wodna 214
68-546 Białogard"	153	10	6592	Graniczyć cena zaczynać. Ozdoba dokonać urodziny Egipt międzynarodowy zakres literacki.
434	flat	"ulica Olchowa 03
20-889 Police"	35	3	10403	Usa wystawa początek wieczór.
435	flat	"ul. Korczaka 77/69
33-795 Zduńska Wola"	67	5	7932	Trwały wyścig Szwecja. Drogi szkoda biały.
436	building	"aleja Drzymały 52
93-043 Inowrocław"	127	8	5089	Kolejny wiatr umrzeć Piotr mieszkaniec dać minerał republika.
437	flat	"plac Turystyczna 032
95-215 Wołomin"	36	3	8252	4 rola głęboki kierować wierzyć dzisiejszy.
438	flat	"plac Targowa 48
14-179 Poznań"	53	4	8845	Obok nawet kościelny.
439	building	"ul. Mieszka I 672
45-631 Łódź"	93	7	9561	Luty Dania uciec noc wypowiedź sprawiać metalowy nieprzyjemny.
440	building	"ul. Skargi 87
07-404 Mińsk Mazowiecki"	124	9	9788	Plama urodzić rozwój żelazo mężczyzna zdrowie pełny.
441	building	"ul. Kołłątaja 38/91
71-899 Bielawa"	91	6	7512	Prowincja myśleć informacja duch. Wschodni zadanie nauczyciel opowiadać oczywiście lata.
442	flat	"aleja Kolejowa 69
52-121 Tarnowskie Góry"	42	3	9692	Osiągnąć produkt męski wywoływać pić szkoda przybyć poznać.
443	flat	"ulica Jana 05/36
41-765 Żary"	33	3	9320	Trzydziesty łąka istnieć naród znaleźć mąż. Wina trzydziesty jądro kieszeń okres świątynia.
444	building	"aleja Srebrna 161
75-963 Tczew"	139	8	9003	Morze Śródziemne próbować łódź. Starać Się list nauka 90 proszę czeski Rumunia. Cichy ślub ziemia.
445	building	"al. Przechodnia 135
47-295 Piekary Śląskie"	114	7	6648	"Restauracja rodzic Afganistan kanał specjalista.
Kanał szlachetny sobota liść. - naród głęboki."
446	building	"ul. Orkana 98/42
52-203 Skierniewice"	145	10	9799	Profesor głowa zupa cierpieć bawić się. Obecny kolejowy szybko.
447	flat	"al. Młynarska 57/01
01-936 Ciechanów"	59	4	10608	Dziura drzwi pełnić burza. Nawet przybyć właśnie większy krzesło planeta.
448	building	"pl. Urocza 50/34
45-565 Lębork"	126	7	8867	Badanie lis czasownik postawić gazeta poprzedni ósmy. Strata lot tylko.
449	flat	"plac Floriana 433
18-203 Brodnica"	54	4	11931	Zdjęcie pragnienie gwałtowny stworzyć poduszka. Wyglądać strach instytucja radio.
450	flat	"ul. Bankowa 837
42-276 Biała Podlaska"	66	5	9726	Mały tajemnica wyjść poważny wiele arabski. Sowa zima uzyskać pełny na zewnątrz mąka jądro nazwa.
451	flat	"plac Cisowa 22
84-322 Kluczbork"	60	5	9586	Zakończenie nieprzyjemny przedsiębiorstwo. Figura styl dno płyn sytuacja wydawać się.
452	flat	"pl. Powstańców Śląskich 99/06
84-259 Łódź"	36	3	7403	Duch podawać działać zrobić czapka brzydki. Żeński finansowy szpital 100.
453	building	"ul. Głogowa 910
38-575 Rzeszów"	94	6	6211	Wywołać ojczyzna pełnić sprawiać. Sos dawno płyn. Pomieszczenie pióro znosić pogoda sen.
454	flat	"pl. Brzozowa 24
45-602 Świnoujście"	36	3	11177	Wyjście żołnierz za pierwszy. Student drzwi szczególny jeść.
455	building	"aleja Wrocławska 00/16
13-984 Knurów"	130	8	8976	Stawiać mocny rzadko wpływ aby. Minerał piłka nożna przypominać.
456	building	"ulica Kochanowskiego 326
12-363 Środa Wielkopolska"	112	7	5546	Dodatkowy grecki pokój. Teraz wywodzić się szwedzki pochodzenie.
457	flat	"al. Piłsudskiego 93
23-695 Rumia"	39	3	8045	Pieniądze żaba łyżka. Przyjemny wyrażać małpa sobą uczyć się.
458	building	"ulica Tylna 09
92-966 Kalisz"	125	8	5423	Gęś ulica palec. Temat środek zupełnie płaszcz.
459	building	"al. Kreta 20/75
88-756 Chorzów"	64	5	9763	Siostra mocno rodzaj.
460	building	"plac Stycznia 46
76-736 Pszczyna"	138	9	8160	Także samolot każdy przebywać zmieniać. Choroba informacja niż otaczać.
461	flat	"plac Kaszubska 18/29
11-845 Świętochłowice"	53	4	8901	Mi używać układ pióro ziemia tradycyjny moneta. Dzieło bok źródło jechać imię waluta wycieczka.
462	flat	"aleja Górna 913
04-389 Goleniów"	24	2	9817	Brązowy ludowy tył wybierać skała pokazywać. Naj- zacząć odpowiedni wolny okropny za pomocą.
463	flat	"ul. Chopina 17
83-614 Chorzów"	65	5	9903	Dziwny jednocześnie ! wspomnienie chrześcijański administracyjny źródło. Ze kraj w postaci plaża.
464	building	"ulica Jabłoniowa 644
45-419 Bartoszyce"	74	5	7718	Pewien żywność pojawić się wąski zawodowy jeść szklanka ogień.
465	building	"aleja Perłowa 18
61-947 Bytom"	106	7	7519	Minister kuchnia pięć chemiczny. Podnosić godzina skóra daleko. Sprzedaż dodawać procent wąski.
466	building	"pl. Władysława Jagiełły 88/06
88-926 Leszno"	134	8	7974	Ogromny piwo wysoki poznać wrażenie czasownik 60. Europa głód zmiana gwiazdozbiór mebel treść.
467	building	"ulica Wyzwolenia 78/61
25-955 Kielce"	124	7	9788	Żyć kąt radość pojazd pod wykonywać.
468	flat	"plac Krasińskiego 68
62-380 Nowy Dwór Mazowiecki"	50	4	11455	Głupek program kończyć gdy. Białoruski otworzyć wrogość Afryka budowla.
469	building	"plac Spółdzielcza 85/31
36-507 Zambrów"	131	9	8282	Obowiązywać Dania policzek poprzedni. No dziki wysłać but.
470	building	"ulica Ogrodowa 69/01
10-464 Kraśnik"	98	7	9070	Mama rzeczywistość bardzo chemiczny. Trzymać wróg czerwiec jakość potrzebny.
471	flat	"ul. Baczynskiego 02
44-735 Oleśnica"	66	5	10534	Św. aktor tworzyć. Wiosna nos partia nikt czekać. Bar równy ślub.
472	building	"al. Słoneczna 536
08-102 Suwałki"	165	10	9037	Ciekawy ulica filmowy łatwo nie- osiem. Jadalny siostra ulegać mieć na imię Izrael.
473	building	"al. Kolorowa 78/74
44-196 Jasło"	118	8	7242	Używać 900 słownik. 1000 badać sportowy uciec typ środowisko długo skończyć. Egipt scena aktor.
474	flat	"plac Turkusowa 71
01-947 Wejherowo"	53	5	7242	"Metalowy akt tył sportowy drobny opinia złoto.
Dokonać taki studiować film łąka niebezpieczny."
475	building	"al. Turkusowa 32
64-219 Stargard Szczeciński"	148	10	8282	Europejski bilet koniec duński stawiać tkanina wystawa muzyka.
476	building	"aleja Kwiatowa 86/28
86-632 Kłodzko"	151	10	9949	Ku charakter wybierać warstwa dane zmiana. Gniazdo obchodzić mieszkaniec zabawa.
477	building	"aleja Kosynierów 44/22
32-392 Włocławek"	83	6	5314	Świnia płaski szlachetny budynek Afganistan pisanie powoli. Prędkość obok pole sprzedaż.
478	flat	"al. Nałkowskiej 93
82-483 Oświęcim"	30	3	8366	Półwysep rynek zacząć. Otwór zarówno wodny filmowy.
479	building	"al. Wałowa 65/06
61-534 Płońsk"	67	5	6319	Kartka przejście przyprawa nagły zamykać mądry inaczej. Pomieszczenie wspaniały my badanie jechać.
480	building	"ulica Kruczkowskiego 38/09
51-619 Ruda Śląska"	146	9	8122	Sam pieśń ciało w czasie bajka badanie panna. Pszczoła lis sierpień pomoc bardzo cierpienie wzór.
481	building	"plac Kruczkowskiego 10/10
97-174 Gniezno"	96	6	5931	Umiejętność krótki w celu za pomocą wśród naród. Wszystkie koszula stary stacja.
482	flat	"al. Chopina 88/72
87-445 Mikołów"	29	2	7224	Podział mężczyzna kolega drzewo struktura. Użyć wyrok styl dzień ostatni.
483	flat	"aleja Północna 690
87-909 Dzierżoniów"	53	4	7713	Cienki spodnie wojna miasto struktura tracić Polska. Styczeń wyjść Chiny ogół wyglądać.
484	building	"pl. Stawowa 42/63
56-612 Jarocin"	117	7	7457	Poprzez sobą zdrowie pozwalać ból. Osoba bydło rozmawiać smak ochrona.
485	building	"pl. Zielona 71/62
59-677 Zamość"	93	7	8513	Posiłek włosy efekt grzyb następny dzielnica. Zarówno wartość niech śmiać się pociąg.
486	building	"aleja Cedrowa 96
27-214 Swarzędz"	143	10	6968	Poruszać herb wszelki gospodarka fakt. Że wybierać rak rynek trzy. Pożar nieść szczyt.
487	flat	"aleja Letnia 24/69
03-901 Nowy Dwór Mazowiecki"	49	4	7468	Pismo już właściciel czwartek wesoły głód ubogi.
488	flat	"ul. Wschodnia 02/93
43-770 Piekary Śląskie"	21	2	8732	Dania konflikt żona założyć wrażenie wilk pomieszczenie. Rosja kuchnia tor użycie pamiętać dodać.
489	building	"ul. Kochanowskiego 10/79
28-068 Bochnia"	105	7	6025	Seks jądro żeński pisarz państwo. Pomóc błąd wynosić dokonać.
490	flat	"pl. Słonecznikowa 087
64-251 Radomsko"	24	2	9762	Południowy polować odnosić się sobie. Muzyczny zawartość duch wszelki trzeba zazwyczaj.
491	building	"ulica Chełmońskiego 13/11
26-057 Poznań"	135	9	6468	Wszystek szybki zrozumieć. Miejsce prawo las kontakt działać deska.
492	building	"plac Lipowa 523
91-143 Jarosław"	129	9	6156	Wydawać pomysł pięćdziesiąt przyprawa. Drzwi jedyny żelazo kończyć sam Dania dokładny.
493	flat	"al. Żeglarska 86/92
67-247 Starogard Gdański"	52	4	9354	Słoneczny spokój kosz zwycięstwo zacząć. Moment podstawa specjalny świat.
494	building	"ulica Zakole 224
02-620 Sanok"	106	8	7832	Wiatr kiedyś nazwa słońce.
495	flat	"al. Klonowa 34
01-008 Kalisz"	62	5	9696	Piotr ciecz informacja dać się prawy. Nocny mój wychodzić azjatycki one.
496	building	"ulica Strażacka 06/49
06-651 Jarosław"	142	9	8153	Polegać pieniądz Czechy wybierać. Ozdoba wysokość ciąża Bóg dość bardzo.
497	building	"al. Tęczowa 194
03-023 Zielona Góra"	119	8	8807	Kwiat itp. dziura napisać. Egipt brzydki mocno szpital wiedza trzymać.
498	flat	"plac Brzozowa 45/04
80-074 Otwock"	66	5	11331	Matka szanowny na zewnątrz. Farba zdrowie fotografia mecz zero zając.
499	building	"ul. Zielona 702
44-086 Łuków"	68	5	8919	Gaz naj- partia sposób klucz średni. Ucho kiedyś gorączka flaga.
500	flat	"ulica Kościelna 70
82-804 Zabrze"	29	2	8244	"Wino osiem wysoki możliwość. Szyja morze lis termin.
W Końcu przynieść piosenka przebywać od."
501	building	"aleja Letniskowa 68/84
06-850 Marki"	140	9	8429	Własność intensywny studia. Obowiązywać muzyk handel tekst pomarańczowy zaraz mózg tytoń.
502	flat	"plac Poniatowskiego 418
77-422 Kędzierzyn-Koźle"	56	5	9838	Papieros dany przyszłość nasz przypominać. Dusza śmierć przyjaciel kosztować ciekawy.
503	flat	"ul. Podleśna 418
78-636 Świdnica"	50	4	10434	Ogród powinien biec więcej lata. Chiński telewizyjny kult opuścić zły wykorzystywać dwa.
504	flat	"ulica Sucharskiego 84/36
24-417 Stargard Szczeciński"	65	5	10715	Płyta północny za. Określać zwierzę stosować siostra.
505	flat	"aleja Sadowa 81/71
39-488 Mysłowice"	49	4	9988	Dość duński tyle. Tak zakład pomagać pas przyjąć.
506	building	"pl. Wrocławska 520
48-521 Chojnice"	145	10	7067	Bułgarski dotyczyć chociaż ciągnąć złożony mowa. Cel dziki akt samica dwa składać.
507	flat	"al. Truskawkowa 39
73-877 Tarnobrzeg"	23	2	7535	Bieda cztery charakter skutek.
508	building	"ul. Ogrodowa 21
09-983 Szczecin"	105	7	7545	System prezydent łaciński udział.
509	building	"ulica Browarna 75/78
02-175 Piekary Śląskie"	73	5	6443	30 spać męski pisarz wpływ połowa akcja. Dwudziesty podnosić blady sztuka but.
510	building	"aleja Zachodnia 19/35
19-862 Nowa Ruda"	90	6	5114	Trzy wykonanie kłaść. Bóg cukier Ameryka łatwo fotografia Bóg obwód.
511	building	"plac Chabrowa 17
26-904 Włocławek"	153	10	9018	R. zobaczyć stracić według okoliczność polityk intensywny. Flaga krok kraj Jezus wytwarzać.
512	building	"ulica Orzechowa 37/59
36-646 Żary"	122	8	5967	Ozdoba znosić przeznaczyć grupa oni żeby czyjś. Chociaż bardzo pan. Mowa japoński ślub całkowicie.
513	flat	"ulica Baczynskiego 13
91-105 Świecie"	47	4	11552	Wisieć określenie za handlowy kaczka Rumunia miękki zupa. Kolumna lew poprzedni rasa.
514	building	"plac Nadrzeczna 57/76
39-817 Gniezno"	85	6	8349	Procent zając miejski próba suma ku długość. Pszczoła padać otwierać.
515	building	"plac Borowa 80
11-921 Rybnik"	97	6	7842	Płaszcz więzienie zwierzę niebieski brat czterdzieści łódź. Gleba cesarz wysyłać.
516	building	"ul. Orkana 84/43
01-116 Łódź"	129	9	7453	Rok kura drewno ziemski. Obrona wychodzić morze. Wnętrze badać Żyd litera wczesny epoka Chiny.
517	building	"plac Norwida 406
34-340 Bochnia"	153	10	7926	Połączyć dwa odbywać się znany. Szwajcaria otwierać tylko dzieło szkoda.
518	building	"ulica Sokola 091
76-280 Bielawa"	88	6	9029	Nos liczba atomowa związany miecz śpiewać.
519	flat	"aleja Orzeszkowej 325
22-345 Siedlce"	63	5	7557	Przeszkoda ukraiński słoneczny żeński. Nasz mocno zysk czerwony gęsty wyjście wojskowy.
520	building	"plac Długosza 86
16-593 Mikołów"	92	6	5574	Sąd 900 gałąź pytać wewnątrz sąsiad. Sto skrzydło połowa istnienie przyjaźń u móc bułgarski.
521	building	"aleja Narcyzowa 35
53-020 Piotrków Trybunalski"	165	10	9587	Zmęczony otwierać grunt dyrektor. Pieniądz wąski włoski Europa centrum.
522	building	"al. Jadwigi 050
21-168 Oświęcim"	102	8	6258	Dwadzieścia kara religijny pisanie. Studiować wyspa przyjechać pisać Francja.
523	building	"plac Sportowa 30
27-001 Poznań"	146	10	5659	Srebro babka proces sąsiad Ameryka październik rzucić. Uczyć wolno pragnienie jeśli.
524	flat	"aleja Kielecka 29/20
49-895 Lębork"	43	4	7443	Kura chcieć wybierać. Oznaczać nazywać powszechny gęsty obywatel mecz.
525	building	"plac Poprzeczna 059
42-716 Rumia"	98	6	5943	Oddawać mocz polegać 2 babka.
526	flat	"pl. Wierzbowa 927
66-485 Kłodzko"	37	3	7533	Owoc dany płyta ojczyzna poprzedni uchodzić. Rachunek urodzić zrozumieć oba straszny kosztować.
527	flat	"pl. Nadrzeczna 44
54-285 Ostrowiec Świętokrzyski"	70	5	10482	Utrzymywać flaga pomysł koszt.
528	flat	"aleja Boczna 003
12-621 Tarnobrzeg"	35	3	7996	Umysł straszny 9 dziewiąty dziób.
529	flat	"ul. Leszczynowa 29/93
61-973 Gorlice"	65	5	10892	Pan utrzymywać aby katastrofa żołądek umowa. Starać Się gość nagły inny potrzebny mieszkaniec.
530	building	"aleja Brzoskwiniowa 58
90-667 Siemianowice Śląskie"	94	7	5763	Różowy krew wrogość kultura książę wybitny. Zabić dwanaście dusza krowa wyraz.
531	building	"ul. Ceglana 79/31
01-039 Szczytno"	77	6	5085	Bogactwo miejscowość dużo 10 spowodować towar wy. Mysz starać się walczyć oddział r. kobieta kosz.
532	building	"al. Gałczynskiego 81/64
77-567 Tarnowskie Góry"	113	7	8488	Zdolność cień istnienie wizyta nazywać pamiętać sieć pojechać.
533	flat	"ulica Dworska 87
37-789 Żywiec"	26	2	9584	Podstawa obywatel mebel oznaczać przeciwny ku. Narodowość umysł terytorium koszt księga.
534	building	"pl. Ceglana 560
57-696 Koło"	123	9	5474	Ktoś ten trzydziesty ciągle. Zabić prostytutka szkolny babcia powinien mysz rak.
535	flat	"ul. Strażacka 66
25-958 Myszków"	60	5	9429	Minuskuła świeży literacki składnik miara. Różny te motyl gaz ryba korzyść.
536	flat	"aleja Graniczna 83/05
95-843 Tarnów"	42	3	10227	Ci wzrost doprowadzić szary brat masa 1000. Przestępstwo szkoła banknot wyrób.
537	flat	"ulica Sybiraków 921
05-362 Zawiercie"	33	3	8907	Sztuczny bronić alkohol robota. Rower żart tajemnica wola próba wąski pokryć.
538	building	"ulica Wspólna 07/61
79-841 Police"	73	5	8449	Płaski słownik stawać się książka także skład. Przyjaciel ładny żołądek zwyczaj żywność opuścić.
539	building	"pl. Listopada 284
03-417 Starogard Gdański"	122	9	6980	Dokładny ? przeciw złodziej amerykański pojęcie aż.
540	flat	"plac Jesienna 951
18-295 Elbląg"	63	5	7005	Porządek papież siostra tu wyjść koszula.
541	building	"plac Wyszyńskiego 76/96
31-917 Przemyśl"	145	9	9162	Uderzyć sądowy 40 prawda wchodzić wola od słaby.
542	building	"plac Orzeszkowej 75
42-062 Skarżysko-Kamienna"	99	6	5382	Wartość srebrny umiejętność. No linia Bóg aż. Stary zgodny jakiś. Babcia gość dzieło przyszły.
543	flat	"al. Gałczynskiego 75
06-301 Wołomin"	54	4	10416	Niech zaraz czasownik. Treść wytwarzać seks strata pomiędzy potrzebny Hiszpania.
544	building	"aleja Wodna 33
04-498 Świebodzice"	84	5	8611	Żona trudno reguła tytoń.
545	flat	"al. Borowa 87
50-122 Nowa Ruda"	43	3	11136	Godzina wyrażać świeży walka usta ruch należy. Przebywać woda przeszkoda szeroki uśmiech.
546	flat	"plac Wyzwolenia 90/69
14-364 Tczew"	67	5	9404	Zrobić tkanina przeciwny gość strona. Połączenie przeznaczyć musieć.
547	building	"ul. Młyńska 18/36
20-230 Czerwionka-Leszczyny"	126	8	8074	Prawdziwy następować zniszczyć. Biuro krok fizyczny wywodzić się gaz wschód aktywny.
548	building	"ul. Jastrzębia 66/87
58-931 Zduńska Wola"	133	9	6526	Związek odbywać się stół chłop zajmować się traktować obcy.
549	flat	"ulica Wypoczynkowa 952
74-452 Łuków"	38	3	8707	Stać wczoraj początek środa piętnaście odcień.
550	flat	"ul. Sybiraków 85/96
37-702 Kraśnik"	36	3	9463	Kobieta rzucać dziecięcy wolno śnieg bohater przeciwnik kierowca.
551	building	"aleja Wróblewskiego 572
48-399 Rybnik"	142	10	7430	Lekcja prawda naturalny. Zmienić doskonały elektryczny przeciwnik.
552	building	"aleja Kolorowa 268
70-442 Kutno"	115	8	6742	Poprzedni stolica potem świat miejski. Piotr zacząć ciężar wziąć.
553	building	"pl. Łanowa 13/78
63-116 Chrzanów"	142	9	7641	Niski dobrze angielski bieg robić. Średni albo liczyć.
554	flat	"aleja Głogowa 23
76-516 Przemyśl"	21	2	9040	Dwa otwarty lód jezioro przypominać. Mądry dowód pies wielkość smutny.
555	flat	"ul. Listopada 26/16
58-846 Pruszków"	47	4	8914	Uczyć bardzo osiem po prostu dziki produkcja. Umysł Litwa większość czwartek poczta pomagać płynąć.
556	flat	"ul. Przechodnia 53
34-777 Wieluń"	39	3	10066	Dalej stolica powstać temperatura przyjemny złoto radość katolicki. Chłop żaba prąd rodzina.
557	building	"plac Wojska Polskiego 85
44-140 Kołobrzeg"	113	7	9491	Średni jeszcze potrawa wykorzystywać byk zostać ssak.
558	building	"ulica Poziomkowa 46
54-293 Płock"	131	10	6591	Miły itp. użyć powolny dzieło konflikt. Jedzenie istnieć panna. Drugi policjant prowincja flaga.
559	building	"ul. Krasickiego 67/12
87-958 Ostrołęka"	87	5	6551	Most skala wiersz straszny. Urodziny powstawać znów jedenaście surowy przynieść lata.
560	building	"ulica Kochanowskiego 22
01-599 Racibórz"	120	9	8504	Przejście warunek srebrny broń. Podróż wódka ukraiński kij.
561	building	"ulica Turystyczna 022
42-528 Police"	154	10	6444	I trudny albo posiłek obszar. Azjatycki biskup 0 administracyjny właściciel przynosić.
562	building	"pl. Fiołkowa 764
09-119 Puławy"	135	9	5290	Czechy metoda włos stan położyć lista. Grecki trzydziesty obchodzić wzrost.
563	building	"ulica Lipowa 70
65-890 Czerwionka-Leszczyny"	129	10	5020	Kościół sprzęt niski religijny płeć rolnik. Z kończyć krowa głos świeży przyjąć 60 Ziemia.
564	flat	"aleja Prosta 21/18
06-866 Knurów"	30	3	10265	Zimny zostać struktura z krwi i kości. Budzić prawie widzieć Kraków.
565	building	"plac Orla 40/71
17-498 Żary"	121	8	5517	Zamiast żywy żywy 2 zegar. Przyrząd składnik — więzienie.
566	flat	"plac Zbożowa 024
12-658 Lubartów"	51	4	10997	Strumień letni gęś przedstawiać wybór krzyż. Włożyć go pełen roślina wynik mur jeździć.
567	flat	"al. Kosynierów 17/77
15-895 Białystok"	27	2	10446	Jaki wystawa ludzie występować relacja. Modlitwa życie wyrażać ostry jasny.
568	flat	"ul. Jabłoniowa 92
33-031 Lubin"	63	5	11781	Łączyć ani kolejowy kto uśmiech dolina drzewo. Wysyłać czekolada suchy niezwykły.
569	flat	"ulica Ptasia 01
13-463 Świebodzice"	48	4	7803	Poruszać głównie myśl opieka. Matematyka godzina arabski pojedynczy wykonać.
570	building	"al. Szafirowa 22
24-193 Dębica"	137	9	8900	Tysiąc kolacja rodowity okoliczność artystyczny między. Uważać bajka ono traktować.
571	flat	"ul. Średnia 52/12
17-909 Lubartów"	25	2	7189	Norma brać strefa niszczyć. Walka typowy ćwiczenie wiersz jajo.
572	building	"ulica Bociania 34
62-097 Zambrów"	102	8	5629	Czapka wykonać gdzieś rodzinny. Punkt odwaga okolica związać.
573	flat	"aleja Konopnickiej 69/74
04-586 Marki"	57	5	9414	Żeński lew banknot. Świeca rzucać ulica angielski potrzebny rządzić.
574	building	"aleja Ściegiennego 82/58
89-242 Olsztyn"	156	10	9326	Pojemnik własność przyjemność masa.
575	flat	"ul. Ludowa 94
49-949 Dąbrowa Górnicza"	26	2	8973	Trzeci domowy minerał szanowny gość 10. Traktować wojskowy obrót odzież Azja rozpocząć.
